name,name_ingles,level,flavour,description,details,page,somatic,verbal,material,cost,gp,ritual,concentration,abjuracion,conjuracion,adivinacion,encantamiento,evocacion,ilusionismo,nigromancia,transmutacion,como_usar,Clase del Hechizo
Abrir,Knock,2,Tu magia te aleja de intrusiones no deseadas.,"Elige un objeto que puedas ver dentro del alcance. Puede ser una puerta, una caja, un cofre, unas esposas, un candado o cualquier otro objeto que posea alguna manera mágica o mundana de impedir el acceso.
Un objetivo que esté cerrado mediante una cerradura normal o que esté atascado o atrancado se abre, desatasca o desatranca. Si el objeto tiene varios cerrojos, solo se desbloquea uno de ellos.
Si el objetivo está cerrado mediante cerradura arcana, ese conjuro quedará anulado durante 10 minutos y, durante ese tiempo, el objeto se podrá abrir y cerrar.
Cuando lanzas el conjuro, se escucha un fuerte golpe surgir del objetivo, que es audible a una distancia de 90 m / 300 pies.","Instant.
18 m / 60 f / 12 cas
Acción",239 MdJ,FALSE,TRUE,FALSE,~,FALSE,FALSE,FALSE,FALSE,FALSE,FALSE,FALSE,FALSE,FALSE,FALSE,TRUE,Directo,"Bardo, Hechicero, Mago"
Acelerar,Haste,3,El tiempo corre a tu favor.,"Elige a una criatura voluntaria que puedas ver dentro del alcance. Hasta que el conjuro termine, la velocidad del objetivo se duplica, gana un bonificador de +2 a su clase de armadura, tiene ventaja en tiradas de salvaciónde Destreza y consigue una segunda acción en cada uno de sus turnos. Solo puede utilizar esta acción para llevara cabo una acción de atacar (solo un ataque), correr, destrabarse, esconderse o utilizar.
Cuando el conjuro termine, el objetivo tendrá el estado de incapacitado y una velocidad de 0 hasta el 0final de su siguiente turno, debido a una ola de somnolencia que lo afecta.","1 min
9 m / 30 f / 6 cas
Acción",239 MdJ,TRUE,TRUE,TRUE,~,FALSE,FALSE,TRUE,FALSE,FALSE,FALSE,FALSE,FALSE,FALSE,FALSE,TRUE,Directo,"Hechicero, Mago"
Adiviniación,Divination,4,Los presagios se revelan en susurros divinos.,"Este conjuro te pone en contacto con un dios o sus sirvientes. Puedes hacer una pregunta sobre un objetivo, un suceso o una actividad específicos que ocurrirán en los próximos 7 días. Tu DM te dará una respuesta verdadera, que puede ser una frase corta o una rima críptica. El conjuro no tiene en cuenta ninguna circunstancia que pueda alterarla respuesta, como por ejemplo el lanzamiento de otros conjuros.
Si lanzas el conjuro más de una vez antes de finalizar un descanso largo, hay una posibilidad acumulativa del 25 % por cada lanzamiento después del primero de que no recibas ninguna respuesta.","Instant.
Lanzador
Acción o ritual",239 MdJ,TRUE,TRUE,TRUE,25 po,TRUE,TRUE,FALSE,FALSE,FALSE,TRUE,FALSE,FALSE,FALSE,FALSE,FALSE,Directo,"Druida, Clerigo, Mago"
Agarre electrizante,Shocking Grasp,Truco,La electricidad salta a tu alcance.,"Una descarga eléctrica surge de tu mano hacia una criatura que intentas tocar. Haz un ataque de conjuro cuerpo a cuerpo contra el objetivo. Si acierta, el objetivo recibirá 1d8 de daño de relámpago y no podrá realizar ataques de oportunidad hasta el principio de su siguiente turno.
Mejora de truco. El daño aumenta en 1d8 cuando alcanzas los niveles 5 (2d8), 11 (3d8) y 17 (4d8).","Instant.
Toque
Acción",239 MdJ,TRUE,TRUE,FALSE,~,FALSE,FALSE,FALSE,FALSE,FALSE,FALSE,FALSE,TRUE,FALSE,FALSE,FALSE,"D20+ata.conj,","Hechicero, Mago"
Agrandar / Reducir,Enlarge/Reduce,2,Un poco más o un poco menos.,"Hasta que el conjuro termine, aumenta o reduce el tamaño de una criatura u objeto que puedas ver dentro del alcance. Si el objetivo es un objeto, no puede estar llevándolo ni vistiéndolo nadie. Si es una criatura no voluntaria, puede hacer una tirada de salvación de Constitución, si la supera, el conjuro no tiene efecto. Todo lo que lleve el objetivo cambiará de tamaño y si lo suelta volverá a su tamaño normal. Un arma arrojadiza recuperará su tamaño justo después de llegar al objetivo.
Agrandar. El tamaño del objetivo aumenta en una categoría; p.e. de Mediano a Grande. El objetivo también tendrá ventaja en las pruebas y TdS de Fuerza. Además, sus ataques con o sin armas causan 1d4 de daño adicional al acertar.
Reducir. El tamaño del objetivo se reduce en una categoría. El objetivo también tendrá desventaja en las pruebas y TdS de Fuerza. Los ataques que haga mientras dure causan 1d4 menos de daño al acertar (minimo 1 de daño).","1 min
9 m / 30 f / 6 cas
Acción",239 MdJ*,TRUE,TRUE,TRUE,~,FALSE,FALSE,TRUE,FALSE,FALSE,FALSE,FALSE,FALSE,FALSE,FALSE,TRUE,TdS Con.,"Bardo, Druida, Hechicero, Mago"
Alarma,Alarm,1,Creas una alarma mental o sonora.,"Preparas una alarma contra los intrusos. Elige una puerta, una ventana o una zona dentro del alcance que no sea mayor que un cubo de 6 m / 20 pies de lado. Hasta que el conjuro termine, una alarma te alertará siempre que una criatura toque la zona vigilada o entre en ella. Al lanzar el conjuro, puedes designar qué criaturas no activarán la alarma, que puede ser mental o sonora:
Alarma mental. La alarma te avisará con un sonido dentro de tu mente si estás a 1,5 km / 5.000 pies o menos de la zona vigilada. Si estás durmiendo, te despertará.
Alarma sonora. La alarma producirá el sonido de una campanilla durante 10 segundos, que será audible a 18 m / 60 pies o menos de la zona vigilada.","8 h
9 m / 30 f / 6 cas
1 min",240 MdJ,TRUE,TRUE,TRUE,~,FALSE,TRUE,FALSE,TRUE,FALSE,FALSE,FALSE,FALSE,FALSE,FALSE,FALSE,Directo,"Explorador, Mago"
Aliado planar,Planar Ally,6,Un campeón extraplanar responde a tu llamada.,"Invocas a una entidad conocida de otro mundo, que envía un celestial, elemental o infernal leal que aparece en un espacio libre dentro del alcance. La criatura no está obligada a obedecerte, pero puedes negociar un servicio a cambio de un pago (oro, objetos, sacrificios o misiones). El coste depende de la duración y el peligro de la tarea, y puede reducirse si coincide con sus valores. Al completar el acuerdo, o si no hay trato, la criatura regresa a su plano natal.
","Instant.
18 m / 60 f / 12 cas
10 min",240 MdJ*,TRUE,TRUE,FALSE,~,FALSE,FALSE,FALSE,FALSE,TRUE,FALSE,FALSE,FALSE,FALSE,FALSE,FALSE,Directo,Clerigo
Aliento de dragón,Dragon's Breath,2,El aliento se vuelve arma.,"Tocas a una criatura voluntaria y eliges ácido, frío, fuego, relámpago o veneno. Hasta que el conjuro termine, el objetivo puede usar una acción de magia para exhalar en un cono de 4,5 m / 15 pies. Todas las criaturas situadas en la zona hacen una tirada de salvación de Destreza; sufrirán 3d6 de daño del tipo elegido si la fallan o la mitad del daño si la superan.
Con un espacio de conjuro de nivel superior. El daño aumenta en 1d6 por cada nivel por encima de 2 que tenga el espacio.","1 min
Toque
Acción adicional",240 MdJ,TRUE,TRUE,TRUE,~,FALSE,TRUE,FALSE,FALSE,FALSE,FALSE,FALSE,FALSE,FALSE,FALSE,TRUE,Directo,"Hechicero, Mago"
Alterar el propio aspecto,Alter Self,2,Tu rostro es una elección.,"Modificas tu forma física y eliges una opción; sus efectos duran mientras dure el conjuro y puedes usar una acción de magia para cambiarla por otra. Adaptación acuática: te salen branquias y membranas entre los dedos, puedes respirar bajo el agua y obtienes velocidad de nado igual a tu velocidad. Armas naturales: te crecen cascos (contundente), colmillos (perforante), cuernos (perforante) o garras (cortante); tus ataques sin armas con ese apéndice infligen 1d6 del tipo indicado y usas tu modificador por aptitud mágica para las tiradas de ataque y daño en lugar de Fuerza. Cambiar de aspecto: alteras tu apariencia física (altura, peso, rasgos, voz, pelo, tono de piel y detalles distintivos); puedes parecer de otra especie sin cambiar tu perfil, no puedes cambiar de tamaño ni tu forma básica, y puedes volver a modificar tu aspecto con una acción de magia mientras dure el conjuro.
","1 hora
Lanzador
Acción",240 MdJ*,TRUE,TRUE,FALSE,~,FALSE,TRUE,FALSE,FALSE,FALSE,FALSE,FALSE,FALSE,FALSE,FALSE,TRUE,Directo,"Hechicero, Mago"
Alterar los recuerdos,Modify Memory,5,Recuerdos que se doblan a tu voluntad.,"Una criatura que ves dentro del alcance hace una tirada de salvación de Sabiduría; si estás luchando contra ella, tiene ventaja. Si falla, queda hechizada mientras dura el conjuro, también incapacitada y no es consciente de su entorno, aunque puede oírte. Finaliza si recibe daño o otro conjuro.
Mientras dura el conjuro, puedes alterar cualquier efecto de memoria de las ultimas 24 horas y hasta 10 minutos de duración, cambiando lo que quieras de ello. Debes decribir los cambios verbalmente y la criatura debe entenderte. Si acabará el conjuro antes de finalizar, no se generan cambios.
Cualquier contradicción puede no afectar al comportamiento y los recuerdos ilógicos se descartan. Levantar maldición o restablecimiento mayor restauran la memoria.
Puedes cambiar 7 días de recuerdo con espacio conjuro nivel 6, 30 días con nivel 7, 365 días nivel 8 y cualquier momento con nivel 9.","1 min
9 m / 30 f / 6 cas
Acción",241 MdJ*,TRUE,TRUE,FALSE,~,FALSE,FALSE,TRUE,FALSE,FALSE,FALSE,TRUE,FALSE,FALSE,FALSE,FALSE,TdS Sab.,"Bardo, Mago"
Alzar a los muertos,Raise Dead,5,La muerte recibe una segunda llamada.,"Con un toque, revives a una criatura muerta hace no más de 10 días que no fuera un muerto viviente. Vuelve a la vida con 1 punto de golpe y se neutraliza cualquier veneno que tuviera al morir.
El conjuro cierra heridas mortales pero no restaura partes del cuerpo perdidas; si faltan órganos esenciales, el conjuro falla.
Regresar de la muerte es traumático: el objetivo sufre -4 a todas las tiradas con d20. Al finalizar cada descanso largo, el penalizador se reduce en 1 hasta llegar a 0.
","Instant.
Toque
1 hora",241 MdJ*,TRUE,TRUE,TRUE,500 po*,TRUE,FALSE,FALSE,FALSE,FALSE,FALSE,FALSE,FALSE,FALSE,TRUE,FALSE,Directo,"Bardo, Clerigo, Paladín"
Amistad,Friends,Truco,Una chispa de carisma sobrenatural.,"Emanas mágicamente un sentimiento de amistad hacia una criatura que puedas ver dentro del alcance. El objetivo deberá superar una tirada de salvación de Sabiduría o tendrá el estado de hechizado hasta que termine el conjuro. El objetivo la supera automáticamente si no es un humanoide, si estás luchando contra él o si le has lanzado este conjuro en las últimas 24 horas.
El conjuro termina antes de tiempo si el objetivo recibe daño o si haces una tirada de ataque, causas daño u obligas a cualquier criatura a hacer una tirada de salvación. Cuando el conjuro termine, el objetivo sabrá que le hechizaste.","1 min
3 m / 10 f / 2 cas
Acción",242 MdJ,TRUE,FALSE,TRUE,~,FALSE,FALSE,TRUE,FALSE,FALSE,FALSE,TRUE,FALSE,FALSE,FALSE,FALSE,TdS Sab.,"Bardo, Brujo, Hechicero, Mago"
Animar a los muertos,Animate Dead,3,Los caídos vuelven a moverse.,"Elige un montón de huesos o un cadáver de humanoide Mediano o Pequeño dentro del alcance; se convierte en un esqueleto si usas huesos o un zombi si usas cadáver. En cada turno, puedes usar una acción adicional para dar órdenes mentales a cada criatura a 18 m / 60 pies o menos; puedes dar órdenes a varias a la vez con la misma instrucción. Si no das órdenes, la criatura esquiva y se mueve solo para evitar daño. La criatura sigue tus órdenes hasta completar la tarea y permanece bajo tu control 24 horas; para extenderlo otras 24 horas, vuelve a lanzar el conjuro antes de que acabe el periodo actual, reforzando hasta cuatro criaturas ya animadas sin crear nuevas. Con un espacio de conjuro superior a 3, animas o refuerzas hasta dos criaturas adicionales por nivel; cada una debe provenir de un cadáver o montón de huesos distinto.
","Instant.
3 m / 10 f / 2 cas
1 min",242 MdJ*,TRUE,TRUE,TRUE,~,FALSE,FALSE,FALSE,FALSE,FALSE,FALSE,FALSE,FALSE,FALSE,TRUE,FALSE,Directo,"Clerigo, Mago"
Animar objetos,Animate Objects,5,Lo inerte despierta y obedece.,"Animas objetos no mágicos dentro del alcance (máx. igual a tu modificador por aptitud mágica; Mediano o menor cuenta como 1, Grande como 2 y Enorme como 3). Cada objeto se convierte en un autómata bajo tu control hasta que termine el conjuro o llegue a 0 PG; actúa tras tu turno y obedece órdenes mentales como acción bonus (si no, esquiva). Al caer a 0 PG vuelve a ser objeto y el daño sobrante se transfiere. Con un espacio de conjuro de nivel superior. El daño del golpe de la criatura aumenta en 1d4 (Mediana o más pequeña), 1d6 (Grande) o 1d12 (Enorme) por cada nivel por encima de 5 que tenga el espacio.
","1 min
36 m / 120 f / 24 cas
Acción",242 MdJ*,TRUE,TRUE,FALSE,~,FALSE,FALSE,TRUE,FALSE,FALSE,FALSE,FALSE,FALSE,FALSE,FALSE,TRUE,Directo,"Bardo, Hechicero, Mago"
Antipatía/simpatía,Antipathy/Sympathy,8,Atracción irresistible o rechazo absoluto.,"Este conjuro permite atraer o repeler criaturas específicas. Debes elegir un objetivo dentro del alcance, como un objeto o criatura grande, y un tipo de criatura inteligente, como dragones o vampiros. Puedes elegir entre dos efectos: Antipatía o Simpatía.
Con Antipatía, las criaturas elegidas sienten una fuerte necesidad de alejarse del objetivo. Deben superar una tirada de salvación de Sabiduría al acercarse para no asustarse y seguirán asustadas mientras estén cerca del objetivo. 
Con Simpatía, las criaturas sienten la urgencia de acercarse al objetivo. Deben superar una tirada de salvación de Sabiduría para no tener que moverse hacia él. Si dañan al objetivo, pueden intentar acabar con el efecto mediante otra tirada de salvación de Sabiduría.","10 días
18 m / 60 f / 12 cas
1 hora",243 MdJ*,TRUE,TRUE,TRUE,~,FALSE,FALSE,FALSE,FALSE,FALSE,FALSE,TRUE,FALSE,FALSE,FALSE,FALSE,TdS Sab.,"Bardo, Druida, Mago"
Apariencia,Seeming,5,Nada es lo que parece.,"Otorgas una apariencia ilusoria a las criaturas que veas en tu alcance. Un objetivo puede intentar resistirlo con una tirada de salvación de Carisma; si tiene éxito, no se ve afectado. Puedes darles la misma apariencia o diferentes, cambiando cuerpos y equipo. La ilusión puede hacer que las criaturas parezcan más altas o más bajas, y más pesadas o ligeras, aunque debe mantener la misma disposición básica de miembros. Sin embargo, los cambios no resisten una inspección física. Si alguien estudia a un objetivo, puede hacer una prueba de Inteligencia para descubrir que está disfrazado, si supera tu CD de salvación de hechizo.","8 horas
9 m / 30 f / 6 cas
Acción",243 MdJ*,TRUE,TRUE,FALSE,~,FALSE,FALSE,FALSE,FALSE,FALSE,FALSE,FALSE,FALSE,TRUE,FALSE,FALSE,TdS Car.,"Bardo, Hechicero, Mago"
Arma elemental,Elemental Weapon,3,El arma adopta la furia del elemento.,"Un arma no mágica que toques se convierte en mágica. Elige uno de los siguientes tipos de daño: ácido, frío, fuego, relámpago o trueno. Mientras dure el conjuro, el arma tiene un bonificador de +1 a las tiradas de ataque y causa 1d4 de daño adicional del tipo elegido cuando acierte.
Con un espacio de conjuro de nivel superior. Si usas un espacio de conjuro de niveles 5 o 6, el bonificador a las tiradas de ataque aumenta en +2 y el daño adicional aumenta a 2d4. Si usas un espacio de conjuro de nivel 7 o superior, el bonificador aumenta a +3 y el daño adicional aumenta a 3d4.","1 hora
Toque
Acción",244 MdJ,TRUE,TRUE,FALSE,~,FALSE,FALSE,TRUE,FALSE,FALSE,FALSE,FALSE,FALSE,FALSE,FALSE,TRUE,Directo,"Druida, Explorador, Paladín"
Arma espiritual,Spiritual Weapon,2,Un arma hecha de fe combate por ti.,"Creas una fuerza espectral flotante con el aspecto de un arma de tu elección que permanece hasta que termine el conjuro. La fuerza aparece dentro del alcance en un espacio de tu elección y puedes hacer inmediatamente un ataque de conjuro cuerpo a cuerpo contra una criatura que esté a 1,5 m / 5 pies o menos de ella. Si acierta, el objetivo recibe una cantidad de daño de fuerza igual a 1d8 + tu modificador por aptitud mágica.
Como acción adicional en tus siguientes turnos, puedes mover la fuerza hasta 6 m / 20 pies y repetir el ataque contra una criatura que esté a 1,5 m / 5 pies o menos de ella.
Con un espacio de conjuro de nivel superior, el daño aumenta en 1d8 por cada nivel por encima de 2 que tenga el espacio.
","1 min
18 m / 60 f / 12 cas
Acción adicional",244 MdJ,TRUE,TRUE,FALSE,~,FALSE,FALSE,TRUE,FALSE,FALSE,FALSE,FALSE,TRUE,FALSE,FALSE,FALSE,Directo,Clerigo
Arma magica,Magic Weapon,2,Tu arma resplandece.,"Tocas un arma no mágica. Hasta que el conjuro termine, esa arma se convierte en un arma mágica con un bonificador de +1 a las tiradas de ataque y de daño. El conjuro termina antes si lo vuelves a lanzar.
Con un espacio de conjuro de nivel superior, el bonificador aumenta a +2 si utilizas un espacio de niveles 3 a 5. El bonificador aumenta a +3 si utilizas un espacio de nivel 6 o superior.","1 h.
Toque
Acción adicional",245 MdJ,TRUE,TRUE,FALSE,~,FALSE,FALSE,FALSE,FALSE,FALSE,FALSE,FALSE,FALSE,FALSE,FALSE,TRUE,Directo,"Explorador, Hechicero, Mago, Paladín"
Armadura de Agathys,Armor of Agathys,1,El frío protege y castiga.,"Una escarcha mágica protectora te rodea y ganas 5 puntos de golpe temporales. Si una criatura te acierta con una tirada de ataque cuerpo a cuerpo antes de que el conjuro termine, dicha criatura sufre 5 de daño de frío. El conjuro termina antes de tiempo si no tienes puntos de golpe temporales.
Con un espacio de conjuro de nivel superior, los puntos de golpe temporales y el daño de frío aumentan en 5 por cada nivel por encima de 1 que tenga el espacio.
","1 hora
Lanzador
Acción adicional",245 MdJ,TRUE,TRUE,TRUE,~,FALSE,FALSE,FALSE,TRUE,FALSE,FALSE,FALSE,FALSE,FALSE,FALSE,FALSE,Directo,Brujo
Armadura de mago,Mage Armor,1,La magia te protege.,"Tocas a una criatura voluntaria que no lleva armadura. Hasta que el conjuro termine, la CA base del objetivo es de 13 más su modificador por Destreza. El conjuro termina antes si el objetivo se pone una armadura.","8 horas
Toque
Acción",245 MdJ,TRUE,TRUE,TRUE,~,FALSE,FALSE,FALSE,TRUE,FALSE,FALSE,FALSE,FALSE,FALSE,FALSE,FALSE,Directo,"Hechicero, Mago"
Asesino fantasmal,Phantasmal Killer,4,El terror te sigue desde dentro.,"Te conectas con las pesadillas de una criatura y creas una ilusión de sus miedos. El objetivo tira un dado de salvación de Sabiduría. Si falla, recibe 4d10 de daño psíquico y tiene desventaja en sus pruebas de característica y tiradas de ataque hasta que termine el conjuro. Si tiene éxito, recibe la mitad del daño y el conjuro se acaba. El objetivo tira de nuevo al final de cada turno. Si falla, sufre más daño psíquico. Si tiene éxito, el conjuro se termina. Usar un espacio de conjuro mayor aumenta el daño en 1d10 por cada nivel superior a 4.","1 min
36 m / 120 f / 24 cas
Acción",246 MdJ*,TRUE,TRUE,FALSE,~,FALSE,FALSE,TRUE,FALSE,FALSE,FALSE,FALSE,FALSE,TRUE,FALSE,FALSE,TdS Sab.,"Bardo, Mago"
Aspectos animales,Animal Shapes,8,La bestia interior toma forma.,"Eliges cualquier número de criaturas dispuestas que veas dentro del alcance. Cada objetivo cambia a una Bestia Grande o menor de VD 4 o menos, pudiendo elegir una forma distinta para cada uno. En turnos posteriores, puedes usar una acción mágica para transformarlos de nuevo. Las estadísticas del objetivo se reemplazan por las de la Bestia elegida, pero mantiene tipo de criatura, puntos de golpe, dados de golpe, alineamiento, capacidad de comunicación e Inteligencia, Sabiduría y Carisma. Sus acciones se limitan a la anatomía de la Bestia y no puede lanzar hechizos. Su equipo se fusiona con la nueva forma y no puede usarlo. Obtiene puntos de golpe temporales iguales a los de la primera forma; desaparecen al terminar el hechizo. La transformación dura hasta que el conjuro termine o hasta que el objetivo le ponga fin como acción adicional.","24 horas
9 m / 30 f / 6 cas
Acción",246 MdJ*,TRUE,TRUE,FALSE,~,FALSE,FALSE,FALSE,FALSE,FALSE,FALSE,FALSE,FALSE,FALSE,FALSE,TRUE,Directo,Druida
Atadura planar,Planar Binding,5,Ni siquiera otros planos te eluden.,"Intentas vincular a una criatura celestial, elemental, feérica o infernal para tu servicio. La criatura debe estar cerca durante el lanzamiento del conjuro (normalmente, la criatura se invoca primero para atraparla mientras se lanza este). Al finalizar, debe superar una prueba de Carisma o quedará vinculada a ti mientras dure el conjuro. La criatura debe seguir tus órdenes, pero si es hostil, puede intentar manipularlas. Si cumple tus órdenes antes de que termine el conjuro, regresará para informarte, a menos que estés en otro plano. Usar espacios de conjuro de nivel superior aumenta la duración del vínculo: 10 días con nivel 6, 30 días con 7, 180 días con 8 y 366 días con 9.","24 horas
18 m / 60 f / 12 cas
1 hora",246 MdJ*,TRUE,TRUE,TRUE,1000 po*,TRUE,FALSE,FALSE,TRUE,FALSE,FALSE,FALSE,FALSE,FALSE,FALSE,FALSE,TdS Car.,"Bardo, Druida, Clerigo, Brujo, Mago"
Augurio,Augury,2,El destino deja entrever sus intenciones.,"Obtienes un presagio de una entidad de otro mundo sobre los resultados de un curso de acción que planees llevar a cabo en los próximos 30 minutos. Tu DM elige el presagio de la siguiente tabla.
Presagio        Para los resultados que sean...
Fortuna        Buenos
Desdicha        Malos
Fortuna y desdicha        Buenos y malos
Indiferencia        Ni buenos ni malos

El conjuro no tiene en cuenta las circunstancias que puedan alterar los resultados, como lanzar otros conjuros. Si lanzas el conjuro más de una vez antes de finalizar un descanso largo, hay una posibilidad acumulativa del 25 % por cada lanzamiento después del primero de que no recibas ninguna respuesta.","Instant.
Lanzador
1 min o ritual",246 MdJ,TRUE,TRUE,TRUE,25 po,TRUE,TRUE,FALSE,FALSE,FALSE,TRUE,FALSE,FALSE,FALSE,FALSE,FALSE,Directo,"Druida, Clerigo, Mago"
Aura de pureza,Aura of Purity,4,La corrupción no puede entrar.,"Un aura surge de ti en una emanación de 9 m / 30 pies hasta que el conjuro termine. Mientras permanezcáis dentro, tus aliados y tú tenéis resistencia al daño de veneno y ventaja en las tiradas de salvación para evitar o poner fin a efectos que provoquen los estados de asustado, aturdido, cegado, ensordecido, envenenado, hechizado o paralizado.
","10 min
Lanzador
Acción",247 MdJ,FALSE,TRUE,FALSE,~,FALSE,FALSE,TRUE,TRUE,FALSE,FALSE,FALSE,FALSE,FALSE,FALSE,FALSE,Directo,"Clerigo, Paladín"
Aura de vida,Aura of Life,4,La vida se resiste a apagarse.,"Un aura surge de ti en una emanación de 9 m / 30 pies hasta que el conjuro termine. Mientras permanezcáis dentro, tus aliados y tú tenéis resistencia al daño necrótico y no se podrán reducir vuestros puntos de golpe máximos. Si un aliado con 0 puntos de golpe comienza su turno en el aura, recupera 1 punto de golpe.
","10 min
Lanzador
Acción",247 MdJ,FALSE,TRUE,FALSE,~,FALSE,FALSE,TRUE,TRUE,FALSE,FALSE,FALSE,FALSE,FALSE,FALSE,FALSE,Directo,"Clerigo, Paladín"
Aura de vitalidad,Aura of Vitaliy,3,La energía vital fluye sin descanso.,"Un aura surge de ti en una emanación de 9 m / 30 pies hasta que el conjuro termine. Cuando creas el aura y al principio de cada uno de tus turnos mientras dure, puedes restaurar 2d6 puntos de golpe a una criatura en su interior.
","1 min
Lanzador
Acción",247 MdJ,FALSE,TRUE,FALSE,~,FALSE,FALSE,TRUE,TRUE,FALSE,FALSE,FALSE,FALSE,FALSE,FALSE,FALSE,Directo,"Druida, Clerigo, Paladín"
Aura mágica de Nystul,Nystul's Magic Aura,2,La magia se disfraza de otra cosa.,"Con un toque, aplicas una ilusión a una criatura voluntaria o un objeto que no lleve ni vea nadie. Las criaturas obtienen el efecto de enmascarar y los objetos, el efecto de aura falsa, ambos descritos a continuación. El efecto durará hasta que termine el conjuro. Si lanzas el conjuro a diario sobre el mismo objetivo durante 30 días, la ilusión permanece hasta que sea disipada. Enmascarar (criaturas). Elige un tipo de criatura que no sea el auténtico del objetivo. Los conjuros y otros efectos mágicos tratan al objetivo como si fuese una criatura del tipo elegido. Aura falsa (objetos). Cambias la forma en la que el objetivo se revela ante conjuros y efectos mágicos que detectan las auras mágicas, como el de detectar magia. Puedes hacer que un objeto no mágico parezca mágico, que un objeto mágico parezca no mágico o cambiar el aura de un objeto para que parezca pertenecer a una escuela mágica de tu elección.","24 horas
Toque
Acción",247 MdJ,TRUE,TRUE,TRUE,~,FALSE,FALSE,FALSE,FALSE,FALSE,FALSE,FALSE,FALSE,TRUE,FALSE,FALSE,Directo,Mago
Aura sagrada,Holy Aura,8,La divinidad te rodea.,"Con un toque, aplicas una ilusión a una criatura voluntaria o un objeto que no lleve ni vea nadie. Las criaturas obtienen el efecto de enmascarar y los objetos, el efecto de aura falsa, ambos descritos a continuación. El efecto durará hasta que termine el conjuro. Si lanzas el conjuro a diario sobre el mismo objetivo durante 30 días, la ilusión permanece hasta que sea disipada. 
Enmascarar (criaturas). Elige un tipo de criatura que no sea el auténtico del objetivo. Los conjuros y otros efectos mágicos tratan al objetivo como si fuese una criatura del tipo elegido.
Aura falsa (objetos). Cambias la forma en la que el objetivo se revela ante conjuros y efectos mágicos que detectan las auras mágicas, como el de detectar magia. Puedes hacer que un objeto no mágico parezca mágico, que un objeto mágico parezca no mágico o cambiar el aura de un objeto para que parezca pertenecer a una escuela mágica de tu elección.
","1 min
Lanzador
Acción",247 MdJ,TRUE,TRUE,TRUE,1000 po,TRUE,FALSE,TRUE,TRUE,FALSE,FALSE,FALSE,FALSE,FALSE,FALSE,FALSE,Directo,Clerigo
Auxilio,Aid,2,Un empujón divino contra la desesperación.,"Elige hasta tres criaturas dentro del alcance. Los puntos de golpe máximos y actuales de cada objetivo aumentan en 5 hasta que termine el conjuro.
Con un espacio de conjuro de nivel superior. Los puntos de golpe de cada objetivo aumentan en 5 adicionales por cada nivel por encima de 2 que tenga el espacio.","8 horas
9 m / 30 f / 6 cas
Acción",247 MdJ,TRUE,TRUE,TRUE,~,FALSE,FALSE,FALSE,TRUE,FALSE,FALSE,FALSE,FALSE,FALSE,FALSE,FALSE,Directo,"Bardo, Druida, Clerigo, Explorador, Paladín"
Baile irresistibile de Otto,Otto's Irresistible Dance,6,El cuerpo baila aunque la mente suplique.,"Una criatura dentro del alcance debe hacer una tirada de salvación de Sabiduría. Si tiene éxito, baila cómicamente hasta el final de su próximo turno, usando todo su movimiento para bailar en su lugar. Si falla, queda Encantada, baila, y tiene desventaja en salvaciones de destreza y ataques. Otras criaturas tienen ventaja al atacarla. En cada turno, puede intentar liberarse haciendo una acción y repitiendo la salvación.","1 min
9 m / 30 f / 6 cas
Acción",247 MdJ*,FALSE,TRUE,FALSE,~,FALSE,FALSE,TRUE,FALSE,FALSE,FALSE,TRUE,FALSE,FALSE,FALSE,FALSE,TdS Sab.,"Bardo, Mago"
Barrera de cuchillas,Blade Barrier,6,Cuchillas que no dejan pasar.,"Creas un muro de cuchillas giratorias hechas de energía mágica, que aparecerá dentro del alcance y durará hasta que termine el conjuro. Creas un muro recto de hasta 30 m / 100 pies de longitud, 6 m / 20 pies de altura y 1,5 m / 5 pies de grosor o un muro circular de hasta 18 m / 60 pies de diámetro, 6 m / 20 pies de altura y 1,5 m / 5 pies de grosor. El muro proporciona cobertura tres cuartos y su espacio es terreno difícil.
Cualquier criatura situada en el espacio del muro deberá hacer una tirada de salvación de Destreza; sufrirá 6d10 de daño de fuerza si la falla o la mitad del daño si la supera. Una criatura también deberá hacer la tirada si entra en el espacio del muro o termina su turno en él. Cada criatura solo hace esta tirada una vez por turno.","10 min
27 m / 90 f / 18 cas
Acción",248 MdJ,TRUE,TRUE,FALSE,~,FALSE,FALSE,TRUE,FALSE,FALSE,FALSE,FALSE,TRUE,FALSE,FALSE,FALSE,Directo,Clerigo
Bendición,Bless,1,La fortuna sonríe al grupo.,"Bendices hasta tres criaturas dentro del alcance. Siempre que un objetivo realice una tirada de ataque o una tirada de salvación antes de que termine el conjuro, añade 1d4 a la tirada de ataque o salvación.
Con un espacio de conjuro de nivel superior. Puedes hacer objetivo a una criatura adicional por cada nivel por encima de 1 que tenga el espacio,","1 min
9 m / 30 f / 6 cas
Acción",248 MdJ,TRUE,TRUE,TRUE,5 po,TRUE,FALSE,TRUE,FALSE,FALSE,FALSE,TRUE,FALSE,FALSE,FALSE,FALSE,Directo,"Clerigo, Paladín"
Boca mágica,Magic Mouth,2,Las paredes empiezan a hablar.,"El conjuro permite implantar un mensaje en un objeto visible, que se emite al cumplirse una condición de activación elegida por el lanzador. El mensaje debe ser de 25 palabras o menos y puede ser reproducido hasta por 10 minutos. Una boca mágica aparece en el objeto al activarse el conjuro, recitando el mensaje con la voz del lanzador. La activación depende de condiciones visuales o audibles a menos de 9 metros del objeto, como el movimiento de una criatura o el sonido de una campana. El lanzador puede optar por que el mensaje se repita tras cada activación o que cese después de una vez.","Hasta que sea disipado
9 m / 30 f / 6 cas
1 min o un ritual",248 MdJ*,TRUE,TRUE,TRUE,10 po,TRUE,TRUE,FALSE,FALSE,FALSE,FALSE,FALSE,FALSE,TRUE,FALSE,FALSE,Directo,"Bardo, Mago"
Bola de fuego,Fireball,3,Fuego que arrasa.,"Una ráfaga brillante surge de ti hacia un punto de tu elección dentro del alcance y luego estalla con un rugido sordo en una explosión ardiente. Todas las criaturas situadas en una esfera de 6 m / 20 pies de radio centrada en ese punto harán una tirada de salvación de Destreza; sufrirán 8d6 de daño de fuego si la fallan o la mitad del daño si la superan. Los objetos inflamables dentro del área que no lleve o vea nadie empezarán a arder.
Con un espacio de conjuro de nivel superior. El daño aumenta en 1d6 por cada nivel por encima de 3 que tenga el espacio.","Instant.
45 m / 150 f / 30 cas
Acción",249 MdJ,TRUE,TRUE,TRUE,~,FALSE,FALSE,FALSE,FALSE,FALSE,FALSE,FALSE,TRUE,FALSE,FALSE,FALSE,TdS Des.,"Hechicero, Mago"
Bola de fuego de explosión retardada,Delayed Blast Fireball,7,El fuego aprende a esperar.,"Un rayo de luz amarilla surge de ti y se condensa en una cuenta brillante en un punto dentro del alcance hasta que termine el conjuro. Al finalizar, la cuenta explota y todas las criaturas en una esfera de 6 m / 20 pies de radio hacen una tirada de salvación de Destreza, recibiendo daño de fuego igual al acumulado (12d6 base, aumenta 1d6 al final de tu turno si el conjuro sigue) o la mitad si lo superan. Si alguien toca la cuenta antes de que termine, hace salvación de Destreza: si falla, el conjuro termina y explota; si tiene éxito, puede lanzar la cuenta hasta 12 m / 40 pies; al impactar con una criatura o un objeto sólido, la cuenta explota. Los objetos inflamables no llevados por nadie se prenden.
Con un espacio de conjuro superior a 7, el daño base aumenta 1d6 por nivel.
","1 min
45 m / 150 f / 30 cas
Acción",249 MdJ*,TRUE,TRUE,TRUE,~,FALSE,FALSE,TRUE,FALSE,FALSE,FALSE,FALSE,TRUE,FALSE,FALSE,FALSE,TdS Des.,"Hechicero, Mago"
Brazos de Hadar,Arms of Hadar,1,La oscuridad se aferra y aprieta.,"Invocando a Hadar, provocas que broten zarcillos de ti. Cada criatura en una Emanación de 3 m / 10 pies que se origina en ti realiza una tirada de salvación de Fuerza. Si falla, el objetivo recibe 2d6 de daño necrótico y no puede tomar Reacciones hasta el comienzo de tu siguiente turno. Si tiene éxito, el objetivo solo recibe la mitad del daño.
Con un espacio de conjuro de nivel superior. El daño aumenta en 1d6 por cada nivel de espacio de conjuro superior a 1.","Instant.
Lanzador
Acción",249 MdJ,TRUE,TRUE,FALSE,~,TRUE,FALSE,FALSE,FALSE,TRUE,FALSE,FALSE,FALSE,FALSE,FALSE,FALSE,TdS Fue.,Brujo
Buenas bayas,Goodberry,1,Mas vale 10 bayas en mano...,"En tu mano aparecen diez bayas, que están impregnadas de magia hasta que termine el conjuro. Una criatura puede usar una acción adicional para comerse una, lo que le permite recuperar 1 punto de golpe. Además, la baya proporciona alimento suficiente como para mantener a una criatura durante 1 día.
Las bayas que no se consuman desaparecen cuando el conjuro termine.","24 horas
Lanzador
Acción",249 MdJ,TRUE,TRUE,TRUE,~,FALSE,FALSE,FALSE,FALSE,TRUE,FALSE,FALSE,FALSE,FALSE,FALSE,FALSE,Directo,"Druida, Explorador"
Burla dañina,Vicios Mockery,Truco,Las palabras hieren de verdad.,"Profieres una sarta de improperios mezclados con encantamientos stuileshacia una criatura que puedas ver u oír dentro del alcance. El objetivo debe superar una tirada de salvación de Sabiduría o recibirá 1d6 de daño psíquico y tendrá desventaja en la siguiente tirada de ataque que realice antes de que acabe su siguiente turno.
Mejora de truco. El daño aumenta en 1d6 al alcanzar el nivel 5 (2d6), el nivel 11 (3d6) y el nivel 17 (4d6).","Instant.
18 m / 60 f / 12 cas
Acción",250 MdJ,FALSE,TRUE,FALSE,~,FALSE,FALSE,FALSE,FALSE,FALSE,FALSE,TRUE,FALSE,FALSE,FALSE,FALSE,TdS Sab.,Bardo
Caída de pluma,Feather Fall,1,Caer ya no es un problema.,"Elige hasta cinco criaturas dentro del alcance que estén cayendo. La velocidad de descenso de cada objetivo se reduce a 18 metros por asalto hasta que el conjuro termine. Si una criatura aterriza antes de que termine el conjuro, no sufrirá daño de la caída y el conjuro termina para esa criatura.","1 min
18 m / 60 f / 12 cas
Reacción, alguien a 18m cae",250 MdJ,FALSE,TRUE,TRUE,~,FALSE,FALSE,FALSE,FALSE,FALSE,FALSE,FALSE,FALSE,FALSE,FALSE,TRUE,Directo,"Bardo, Hechicero, Mago"
Caldero burbujeante de Tasha,Tasha's bubbling Cauldron,6,Un brebaje que cambia el destino.,"Conjuras un caldero inmóvil con patas de garra, lleno de líquido burbujeante, que aparece en un espacio desocupado en el suelo a 1,5 m / 5 pies de ti y dura la duración. El líquido imita una poción común o poco común a tu elección. Como acción bonus, tú o un aliado podéis retirar una poción en un vial que desaparece al consumirse. El caldero produce un número de pociones igual a tu modificador de lanzamiento de conjuros (mínimo 1). Al retirar la última, el caldero desaparece y el conjuro termina. Las pociones no consumidas desaparecen cuando vuelves a lanzar este conjuro.","10 min
1,5 m / 5 f / 1 cas
Acción",250 MdJ*,TRUE,TRUE,TRUE,500 po,TRUE,FALSE,FALSE,FALSE,TRUE,FALSE,FALSE,FALSE,FALSE,FALSE,FALSE,Directo,"Brujo, Mago"
Calentar metal,Heat metal,2,El metal se vuelve tu enemigo.,"Puedes seleccionar un objeto metálico, como armas o armaduras, y hacerlo brillar al rojo vivo. Cualquier criatura en contacto físico con el objeto sufre 2d8 de daño por fuego al lanzarse el conjuro. Mientras dure, se puede usar una acción adicional en turnos posteriores para repetir el daño si el objeto está al alcance. Si una criatura sostiene el objeto y recibe daño, debe realizar una tirada de salvación de Constitución; si falla, debe soltar el objeto, y si no lo hace, tendrá Desventaja en tiradas de ataque y pruebas de característica hasta el siguiente turno. Además, si se utiliza un espacio de conjuro de nivel superior, el daño aumenta en 1d8 por cada nivel de espacio superior a 2.","1 min
18 m / 60 f / 12 cas
Acción",251 MdJ*,TRUE,TRUE,TRUE,~,FALSE,FALSE,TRUE,FALSE,FALSE,FALSE,FALSE,FALSE,FALSE,FALSE,TRUE,Directo,"Bardo, Druida"
Calmar emociones,Calm Emotions,2,Las emociones bajan la voz.,"Cada humanoide en una esfera de 6 metros de radio centrada en un punto que elijas dentro del alcance deberá superar una tirada de salvación de Carisma o se verá afectado por uno de los siguientes efectos (elige uno para cada criatura):
• La criatura tiene inmunidad a los estados de asustada y hechizada hasta que el conjuro termine. Si la criatura ya estaba asustada o hechizada, se suprimen estos estados hasta que el conjuro termine.
• La criatura se vuelve indiferente hacia las criaturas de tu elección hacia las que sea hostil. Esta indiferencia termina si el objetivo recibe daño o si observa cómo alguno de sus aliados resulta dañado. Cuando el conjuro termine, la actitud de la criatura volverá a la normalidad.","1 min
18 m / 60 f / 12 cas
Acción",251 MdJ,TRUE,TRUE,FALSE,~,FALSE,FALSE,TRUE,FALSE,FALSE,FALSE,TRUE,FALSE,FALSE,FALSE,FALSE,TdS Car.,"Bardo, Clerigo"
Cambiar de forma,Shaperchange,9,La forma ya no es fija.,"Cambia tu forma a otra criatura durante la duración o hasta que uses una acción mágica para cambiar de nuevo. La forma elegida debe tener una calificación de desafío igual o menor que tu nivel o CR, no ser constructo ni no-muerto, y debes haber visto el tipo de criatura antes. Obtienes Puntos de Golpe Temporales iguales a los de la primera forma; desaparecen al terminar el hechizo. Tus estadísticas se reemplazan por las de la forma elegida, conservando tipo, alineación, personalidad, Inteligencia, Sabiduría, Carisma, Puntos de Golpe, Dados de Golpe, competencias y capacidad de comunicación; si puede lanzar hechizos, también los conserva. Decide si tu equipo cae al suelo o se adapta a la nueva forma.
","1 hora
Lanzador
Acción",252 MdJ*,TRUE,TRUE,TRUE,1500 po,TRUE,FALSE,TRUE,FALSE,FALSE,FALSE,FALSE,FALSE,FALSE,FALSE,TRUE,Directo,"Druida, Mago"
Caminar sobre el agua,Water Walk,3,Sobre cualquier líquido.,"Este conjuro concede la capacidad de moverse por encima de cualquier superficie líquida, como agua, ácido, barro, nieve, arenas movedizas o lava, como si se tratara de un suelo sólido inofensivo (aunque las criaturas que crucen lava derretida pueden seguir sufriendo daño por el calor). Hasta diez criaturas voluntarias que elijas dentro del alcance obtienen esta capacidad hasta que termine el conjuro.
Los objetivos afectados deben emplear una acción adicional para pasar de la superficie del líquido al propio líquido y viceversa, pero si caen en él, pasarán a través de la superficie al líquido que hay debajo.","1 hora
9 m / 30 f / 6 cas
Acción o ritual",252 MdJ,TRUE,TRUE,TRUE,~,FALSE,TRUE,FALSE,FALSE,FALSE,FALSE,FALSE,FALSE,FALSE,FALSE,TRUE,Directo,"Druida, Clerigo, Explorador, Hechicero"
Campo antimagia,Antimagic Field,8,La magia se apaga.,"Un aura de antimagia te envuelve en una emanación de 3 m / 10 pies. Dentro de ella nadie puede lanzar conjuros, emplear acciones de magia o crear otros efectos mágicos, y estos efectos no pueden hacer objetivo o afectar a nada de su interior. Las propiedades mágicas de los objetos mágicos no funcionan dentro del aura ni afectan a nada que esté en su interior. Las áreas de efecto que crean los conjuros u otro tipo de magia no pueden penetrar en el aura y nadie puede teleportarse ni usar el viaje interplanar para entrar o salir de ella. Los portales se cierran de forma temporal mientras estén dentro del aura.
Los conjuros activos se suprimen en la zona, salvo los que lancen un artefacto o deidad. Mientras un efecto está suprimido, no funciona, pero el tiempo que pasa suprimido cuenta para su duración. Disipar magia no tiene efecto en el aura, y las auras que creadas por distintos conjuros campo antimagia no se anulan entre sí.","1 hora
Lanzador
Acción",252 MdJ,TRUE,TRUE,TRUE,~,FALSE,FALSE,TRUE,TRUE,FALSE,FALSE,FALSE,FALSE,FALSE,FALSE,FALSE,Directo,"Clerigo, Mago"
Caparazón antivida,Antilife Shell,5,La vida no puede tocarte.,"Un aura se extiende alrededor de ti en una emanación de 3 m / 10 pies hasta que el conjuro termine. El aura impide que las criaturas que no sean autómatas o muertos vivientes penetren total o parcialmente en ella, pero sí que pueden lanzar conjuros o realizar ataques con armas a distancia o de gran alcance a través de la barrera. Si tu movimiento obliga a que una criatura afectada atraviese la barrera, el conjuro termina.","1 hora
Lanzador
Acción",253 MdJ,TRUE,TRUE,FALSE,~,FALSE,FALSE,TRUE,TRUE,FALSE,FALSE,FALSE,FALSE,FALSE,FALSE,FALSE,Directo,Druida
Carcaj veloz,Swift Quiver,5,Doble ataque con arcos y ballestas.,"Cuando lances el conjuro y como acción adicional hasta que termine, puedes realizar dos ataques con un arma que use flechas o virotes, como un arco largo o una ballesta ligera. El conjuro crea mágicamente la munición necesaria para cada ataque. Cada flecha o virote que cree el conjuro inflige daño como si fuera munición no mágica de su tipo y se desintegra inmediatamente después de acertar o fallar.
","1 min.
Lanzador
Acción adicional",253 MdJ,TRUE,TRUE,TRUE,1 po,TRUE,FALSE,TRUE,FALSE,FALSE,FALSE,FALSE,FALSE,FALSE,FALSE,TRUE,Directo,Explorador
Castigo abrasador,Searing Smite,1,Fuego que quema sin piedad.,"Al golpear al objetivo, sufre 1d6 de daño de fuego adicional del ataque. Al principio de cada uno de sus turnos hasta que el conjuro termine, el objetivo sufrirá 1d6 de daño de fuego y luego hará una tirada de salvación de Constitución. Si la falla, el conjuro seguirá activo. Si la supera, el conjuro terminará. Con un espacio de conjuro de nivel superior. Todo el daño aumenta en 1d6 por cada nivel por encima de 1 que tenga el espacio.","1 min
Lanzador
Acción adicional, inmediata tras acertar ataque",253 MdJ,FALSE,TRUE,FALSE,~,FALSE,FALSE,FALSE,FALSE,FALSE,FALSE,FALSE,TRUE,FALSE,FALSE,FALSE,Directo,Paladín
Castigo abrumador,Staggering Smite,4,Un golpe que aplasta el espíritu.,El objetivo recibirá 4d6 de daño psíquico adicional del ataque y deberá superar una tirada de salvación de Sabiduría o tendrá el estado de aturdido hasta el final tu siguiente turno. Con un espacio de conjuro de nivel superior. El daño aumenta en 1d6 por cada nivel por encima de 4 que tenga el espacio.,"Instant.
Lanzador
Acción adicional, inmediata tras acertar ataque",254 MdJ,FALSE,TRUE,FALSE,~,FALSE,FALSE,FALSE,FALSE,FALSE,FALSE,TRUE,FALSE,FALSE,FALSE,FALSE,Directo,Paladín
Castigo atronador,Thunderous Smite,1,El trueno resuena con fuerza.,"Tu golpe resuena con un trueno audible a 90 m / 300 pies de ti y el objetivo sufre 2d6 de daño de trueno adicional al atque. Además, si el objetivo es una criatura, deberá superar una tirada de salvación de Fuerza o la empujarás 3 m / 10 pies respecto a ti y tendrá el estado de derribada.
Con un espacio de conjuro de nivel superior. El daño aumenta en 1d6 por cada nivel por enciam de 1 que tenga el espacio.","Instant.
Lanzador
Acción adicional, inmediata tras acertar ataque",254 MdJ,FALSE,TRUE,FALSE,~,FALSE,FALSE,FALSE,FALSE,FALSE,FALSE,FALSE,TRUE,FALSE,FALSE,FALSE,Directo,Paladín
Castigo brillante,Shining Smite,2,Luz que deslumbra y hiere.,"El objetivo del golpe recibe 2d6 de daño radiante adicional del ataque. Hasta que el conjuro termine, el objetivo emitirá luz brillante en un radio de 1,5 m / 5 pies, las tiradas de ataque contra él tendrán ventaja y no podrá beneficiarse del estado de invisible.
Con un espacio de conjuro de nivel superior. El daño aumenta en 1d6 por cada nivel por encima de 2 que tenga el espacio. ","1 min
Lanzador
Acción adicional, inmediata tras acertar ataque",254 MdJ,FALSE,TRUE,FALSE,~,FALSE,FALSE,TRUE,FALSE,FALSE,FALSE,FALSE,FALSE,FALSE,FALSE,TRUE,Directo,Paladín
Castigo cegador,Blinding Smite,5,Oscuridad que ciega y confunde.,"El objetivo del golpe sufrirá 3d8 de daño radiante adicional del ataque y tendrá el estado de cegado hasta que el conjuro termine. Al final de cada uno de sus turnos, el objetivo cegado hará una tirada de salvación de Constitución y, si tiene éxito, se librará del conjuro.
Con un espacio de conjuro de nivel superior. El daño adicional aumenta en 1d8 por cada nivel por encima de 3 que tenga el espacio.
","1 min
Lanzador
Acción adicional, inmediata tras acertar ataque",255 MdJ,FALSE,TRUE,FALSE,~,FALSE,FALSE,FALSE,FALSE,FALSE,FALSE,FALSE,TRUE,FALSE,FALSE,FALSE,Directo,Paladín
Castigo desterrador,Banishing Smite,5,Exilio que no deja retorno.,"El objetivo de la tirada de ataque recibe 5d10 de daño de fuerza adicional del ataque. Si el ataque reduce los puntos de golpe del objetivo a 50 o menos, deberá superar una tirada de salvación de Carisma o se teletransportará a un semiplano inofensivo hasta que termine el conjuro. Mientras permanezca allí, tendrá el estado de incapacitado. Cuando el conjuro termine, el objetivo reaparecerá en el espacio que abandonó o en el espacio sin ocupar más cercano si dicho espacio está ocupado.
","1 min
Lanzador
Acción adicional, inmediata tras acertar ataque",255 MdJ,FALSE,TRUE,FALSE,~,FALSE,FALSE,TRUE,FALSE,TRUE,FALSE,FALSE,FALSE,FALSE,FALSE,FALSE,Directo,Paladín
Castigo divino,Divine Smite,1,Poder sagrado que castiga.,"El objetivo sufre 2d8 de daño radiante adicional del ataque. Este daño aumenta en 1d8 si el objetivo es un infernal o un muerto viviente.
Con un espacio de conjuro de nivel superior. El daño aumenta en 1d8 por cada nivel por encima de 1 que tenga el espacio.
","Instant.
Lanzador
Acción adicional, inmediata tras acertar ataque",255 MdJ,FALSE,TRUE,FALSE,~,FALSE,FALSE,FALSE,FALSE,FALSE,FALSE,FALSE,TRUE,FALSE,FALSE,FALSE,Directo,Paladín
Castigo furioso,Wrathful Smite,1,Ira que no conoce límites.,"El objetivo sufrirá 1d6 de daño necrótico adicional del ataque y deberá superar una tirada de salvación de Sabiduría o tendrá el estado de asustado hasta que el conjuro termine. Al final de cada uno de sus turnos, el objetivo asustado repite la tirada de salvación y, si tiene éxito, se librará del conjuro.
Con un espacio de conjuro de nivel superior. El daño aumenta en 1d6 por cada nivel por encima de 1 que tenga el espacio.
","1 min
Lanzador
Acción adicional, inmediata tras acertar ataque",255 MdJ,FALSE,TRUE,FALSE,~,FALSE,FALSE,FALSE,FALSE,FALSE,FALSE,FALSE,FALSE,FALSE,TRUE,FALSE,Directo,Paladín
Cautiverio,Imprisionment,9,Nada escapa a tu encierro.,"Creas una prisión mágica para una criatura que ves dentro del alcance; el objetivo hace una salvación de Sabiduría, con éxito no se ve afectado y es inmune a este conjuro durante 24 horas, con fallo queda encarcelado hasta que termine. Mientras dura, no respira, come ni bebe, no envejece, no puede ser localizado por adivinación ni teletransportarse. Al lanzar eliges una prisión: entierro, queda sellado bajo tierra en una esfera de fuerza cerrada; encadenamiento, queda restringido e inmovilizado por cadenas mágicas; prisión de cobertura, queda atrapado en un semiplano sellado; contención mínima, se reduce a 2,5 cm y queda encerrado en una gema u objeto indestructible; plomo, queda inconsciente y no puede despertar. Defines un desencadenante observable que lo termina con alta probabilidad en la próxima década. Disipar Magia solo lo termina con un espacio de nivel 9 apuntando a la prisión o a su componente.
","Hasta que sea disipado
9 m / 30 f / 6 cas
1 min",255 MdJ*,TRUE,TRUE,TRUE,5000 po,TRUE,FALSE,FALSE,TRUE,FALSE,FALSE,FALSE,FALSE,FALSE,FALSE,FALSE,TdS Sab.,"Brujo, Mago"
Cerradura arcana,Arcane Lock,2,Nada se abre sin tu permiso.,"Tocas una puerta, ventana, portón, recipiente o trampilla cerrados y se cierra mágicamente como con llave hasta que el conjuro termine. Esta cerradura no puede abrirse por medios no mágicos, pero tú y las criaturas que designes cuando lanzas el conjuro podéis abrir y cerrar el objeto a pesar de esta cerradura. También puedes elegir una contraseña que, dicha en voz alta a 1,5 m / 5 pies o menos del objeto, lo desbloquea durante 1 minuto.
","Hasta que sea disipado
Toque
Acción",256 MdJ,TRUE,TRUE,TRUE,25 po*,TRUE,FALSE,FALSE,TRUE,FALSE,FALSE,FALSE,FALSE,FALSE,FALSE,FALSE,Directo,Mago
Círculo de muerte,Circle of Death,6,La muerte se expande en círculo.,"Una energía negativa se propaga en un radio de 18 m / 60 pies desde un punto que elijas dentro del alcance. Todas las criaturas situadas en la zona realizan una tirada de salvación de Constitución; sufrirán 8d8 de daño necrótico si la fallan o la mitad del daño si la superan.
Con un espacio de conjuro de nivel superior. El daño
aumenta en 2d8 por cada nivel por encima de 6 que tenga el espacio.","Instant.
45 m / 150 f / 30 cas
Acción",256 MdJ,TRUE,TRUE,TRUE,500 po,TRUE,FALSE,FALSE,FALSE,FALSE,FALSE,FALSE,FALSE,FALSE,TRUE,FALSE,TdS Con.,"Brujo, Hechicero, Mago"
Círculo de poder,Circle of Power,5,Un círculo contra la oscuridad.,"Un aura surge de ti en una emanación de 9 m / 30 pies hasta que el conjuro termine. Mientras permanezcáis dentro, tus aliados y tú tendréis ventaja en las tiradas de salvación contra conjuros y otros efectos mágicos. Cuando una criatura afectada realice una tirada de salvación contra un conjuro o un efecto mágico que le permita hacer una tirada de salvación para recibir solo la mitad del daño, no sufrirá daño si la supera.
","10 min
Lanzador
Acción",256 MdJ,FALSE,TRUE,FALSE,~,FALSE,FALSE,TRUE,TRUE,FALSE,FALSE,FALSE,FALSE,FALSE,FALSE,FALSE,Directo,"Clerigo, Mago, Paladín"
Círculo de teletransportación,Teletransportation Circle,5,Portales que acortan el mundo.,"Conjuro que crea un círculo de 1,50 m / 5 pies de radio con sigilos que vinculan tu ubicación a un círculo de teletransportación permanente conocido en el mismo plano. Un portal brillante se abre dentro del círculo hasta el final de tu siguiente turno; cualquier criatura que pase por él aparece a 1,50 m / 5 pies o menos del destino o en el espacio desocupado más cercano. Aprendes las secuencias de sigilos de dos destinos en el plano Material y puedes memorizar nuevas secuencias tras 1 minuto de estudio. Puedes crear un círculo permanente lanzando el conjuro en el mismo lugar todos los días durante 365 días.","1 asalto
3 m / 10 f / 2 cas
1 min",256 MdJ*,FALSE,TRUE,TRUE,50 po*,TRUE,FALSE,FALSE,FALSE,TRUE,FALSE,FALSE,FALSE,FALSE,FALSE,FALSE,Directo,"Bardo, Brujo, Hechicero, Mago"
Círculo mágico,Magic Circle,3,Una barrera que decide quién entra.,"Creas un cilindro de energía mágica de 3 m / 10 pies de radio y 6 m / 20 pies de altura centrado en un punto del suelo que veas dentro del alcance. En las intersecciones con el suelo u otras superficies aparecen runas brillantes. Elige uno o más tipos de criaturas: celestiales, elementales, feéricos, infernales o muertos vivientes. La criatura afectada no puede entrar voluntariamente en el cilindro por medios no mágicos y debe superar una tirada de salvación de Carisma si intenta teletransportarse o viajar entre planos; tiene desventaja en ataques contra objetivos dentro del cilindro; y no puede poseer ni asustar ni hechizar objetivos dentro. Puedes invertir la magia para impedir que estas criaturas salgan del cilindro y proteger a quienes estén fuera.
Con un espacio de conjuro superior a 3, la duración aumenta 1 hora por nivel adicional.
","1 hora
3 m / 10 f / 2 cas
1 min",257 MdJ*,TRUE,TRUE,TRUE,100 po*,TRUE,FALSE,FALSE,TRUE,FALSE,FALSE,FALSE,FALSE,FALSE,FALSE,FALSE,Directo,"Clerigo, Brujo, Mago, Paladín"
Clarividencia,Clairvoyance,3,Ver sin estar presente.,"Creas un sensor invisible dentro del alcance en un lugar que te resulte familiar (un lugar que hayas visitado o visto antes) o en un lugar obvio que no te resulte familiar (como detrás de una puerta, al doblar una esquina o en una arboleda). El sensor, intangible e invulnerable, permanece en su sitio hasta que termine el conjuro.
Al lanzar el conjuro, elige ver u oír. Puedes usar el sentido elegido a través del sensor como si estuvieras en su espacio. Como acción bonus, puedes alternar entre ver y oír.
Una criatura que vea el sensor (como una criatura que se beneficie de ver invisibilidad o Visión Verdadera) verá un orbe luminoso del tamaño aproximado de tu puño.","10 min
1’5 km / 0,9 mi / 1000 cas
10 min",257 MdJ,TRUE,TRUE,TRUE,100 po,TRUE,FALSE,TRUE,FALSE,FALSE,TRUE,FALSE,FALSE,FALSE,FALSE,FALSE,Directo,Mago
Clavo mental,Mind Spike,2,El dolor se clava en la mente.,"Introduces una púa de energía psiónica en la mente de una criatura que puedas ver dentro del alcance. El objetivo hace una tirada de salvación de Sabiduría; sufrirá 3d8 de daño psíquico si la falla o la mitad del daño si la supera. Además, si falla la tirada, conocerás en todo momento la ubicación del objetivo hasta que el conjuro termine, pero solo mientras los dos estéis en el mismo plano de existencia. Mientras tengas este conocimiento, la criatura no podrá ocultarse de ti y, si tiene el estado de invisible, no se beneficiará de dicho estado contra ti.
Con un espacio de conjuro de nivel superior. El daño aumenta en 1d8 por cada nivel por encima de 2 que tenga el espacio.
","1 hora
36 m / 120 f / 24 cas
Acción",257 MdJ,TRUE,FALSE,FALSE,~,FALSE,FALSE,TRUE,FALSE,FALSE,TRUE,FALSE,FALSE,FALSE,FALSE,FALSE,TdS Sab.,"Brujo, Hechicero, Mago"
Clon,Clone,8,Tu vida tiene un reemplazo esperando.,"Tocas a una criatura o al menos un cubo de su carne de 2,5 cm / 1 pulgada. Dentro del recipiente empleado para lanzar el conjuro se crea un duplicado inerte de la criatura que alcanza la madurez en 120 días; tú decides si el clon terminado tiene la misma edad que la criatura o si es más joven. El clon permanecerá inerte y durará indefinidamente, siempre que su recipiente se mantenga intacto. Si la criatura original muere después de que el clon haya madurado, su alma se transferirá al clon si el alma es libre y desea regresar. El clon es físicamente idéntico al original, al igual que su personalidad, sus recuerdos y sus capacidades, pero no posee nada de su equipo original. Los restos mortales de la criatura original, si existen, se volverán inertes y no podrán ser devueltos a la vida, ya que el alma de la criatura está en otra parte.
","Instant.
Toque
1 hora",257 MdJ,TRUE,TRUE,TRUE,1000 po*/2000 po,TRUE,FALSE,FALSE,FALSE,FALSE,FALSE,FALSE,FALSE,FALSE,TRUE,FALSE,Directo,Mago
Cofre oculto de Leomund,Leomund's Secret Chest,4,Un tesoro fuera de todo alcance.,"Ocultas un cofre y todo su contenido en el Plano Etéreo. Debes tocar el cofre y la réplica en miniatura que sirve como componente material del conjuro. El cofre puede contener hasta 0,34 m / 1 pies³ de material inerte (90 cm por 60 cm por 60 cm). 
Mientras el cofre permanezca en el Plano Etéreo, puedes usar una acción de magia y tocar la réplica para recuperar dicho cofre, que aparecerá en un espacio sin ocupar en el suelo a 1,5 m / 5 pies de ti. Puedes enviar el cofre de regreso al Plano Etéreo usando una acción de magia para tocar el cofre y la réplica.
Después de 60 días, hay una posibilidad acumulativa del 5% al final de cada día de que el efecto del conjuro termine. El conjuro también termina si vuelves a lanzarlo o si se destruye la réplica Diminuta del cofre. Si el conjuro termina y el cofre grande está en el Plano Etéreo, permanecerá allí hasta que otra persona o tú lo encontréis.
","Hasta que sea disipado
Toque
Acción",257 MdJ,TRUE,TRUE,TRUE,5050 po,TRUE,FALSE,FALSE,FALSE,TRUE,FALSE,FALSE,FALSE,FALSE,FALSE,FALSE,Directo,Mago
Compulsión,Compulsion,4,Un impulso imposible de ignorar.,"Todas las criaturas de tu elección que puedas ver dentro del alcandce deberán superar una tirada de salvación de Sabiduría o tendrán el estado de hechizadas hasta que el conjuro termine.
Mientras dure, puedes usar una acción adicional para designar una dirección horizontal respecto a ti. Cada criatura hechizada deberá usar todo el movimiento que pueda para avanzar en esa dirección por la ruta más segura durante su próximo turno. Tras moverse de este movo, un objetivo repite la tirada de salvación y, si tiene éxito, se librará del conjuro.","1 min
9 m / 30 f / 6 cas
Acción",258 MdJ,TRUE,TRUE,FALSE,~,FALSE,FALSE,TRUE,FALSE,FALSE,FALSE,TRUE,FALSE,FALSE,FALSE,FALSE,TdS Sab.,Bardo
Comunión,Commune,5,Hablar directamente con lo divino.,"Te pones en contacto con una deidad o con un representante divino y le haces hasta tres preguntas que se puedan responder con sí o no. Tienes que realizar las preguntas antes de que el conjuro termine y recibirás una respuesta correcta a cada una de ellas.
Los seres divinos no tienen por qué ser omniscientes, por lo que si la deidad no tiene información sobre lo que le preguntas, puede responderte 'ambiguo'. En caso de que una respuesta de una sola palabra pudiera inducir a error o ser contraria a los intereses de la deidad, tu DM podría ofrecer en su lugar una frase corta.
Si lanzas el conjuro más de una vez antes de finalizar un descanso largo, hay una posibilidad acumulativa del 25 % por cada lanzamiento después del primero de que no recibas ninguna respuesta.
","1 min
Lanzador
1 min o ritual",258 MdJ,TRUE,TRUE,TRUE,~,FALSE,TRUE,FALSE,FALSE,FALSE,TRUE,FALSE,FALSE,FALSE,FALSE,FALSE,Directo,Clerigo
Comunión con la naturaleza,Commune with Nature,5,La tierra susurra secretos.,"Te comunicas con espíritus de la naturaleza y obtienes conocimiento del área. Al aire libre, alcanza 4,5 km / 2,8 millas; en cuevas o entornos subterráneos, 90 m; no funciona donde la naturaleza ha sido reemplazada por construcciones. Elige tres tipos de información: ubicación de asentamientos, portales a otros planos, criatura con VD 10 o más (celestial, elemental, feérico, infernal o no-muerto), tipo de planta, mineral o bestia más común, o ubicación de masas de agua. Obtienes los datos según correspondan al área del conjuro.
","Instant.
Lanzador
1 min o ritual",258 MdJ*,TRUE,TRUE,FALSE,~,FALSE,TRUE,FALSE,FALSE,FALSE,TRUE,FALSE,FALSE,FALSE,FALSE,FALSE,Directo,"Druida, Explorador"
Confusión,Confusion,4,La mente se pierde en el caos.,"Cada criatura en una esfera de 3 m de radio dentro del alcance debe superar una tirada de salvación de Sabiduría o no podrá usar acciones bonus ni reacciones y tirará 1d10 al inicio de su turno para determinar su comportamiento:
1 No usa ninguna acción y se mueve usando todo su movimiento en dirección aleatoria.
2-6 No realiza ninguna acción ni se mueve.
7-8 No se mueve y hace su acción de atacar cuerpo a cuerpo a una criatura aleatoria si hay alcance.
9-10 Elige su comportamiento
Al final de cada turno, repite la tirada de salvación, finalizando el efecto si la supera.
Con espacio de conjuro superior al 4, el radio aumenta 1,5 m / 5 pies por nivel adicional.","1 min
27 m / 90 f / 18 cas
Acción",258 MdJ*,TRUE,TRUE,TRUE,~,FALSE,FALSE,TRUE,FALSE,FALSE,FALSE,TRUE,FALSE,FALSE,FALSE,FALSE,TdS Sab.,"Bardo, Druida, Hechicero, Mago"
Conjurar animales,Conjure Animals,3,Manada espiritual.,"Conjuras espíritus de la naturaleza como una manada grande de animales espectrales e intangibles en un espacio sin ocupar que puedas ver. La manada dura toda la duración y puedes elegir su forma (lobos, serpientes, aves). Tienes ventaja en salvaciones de Fuerza mientras estés a 1,5 m de la manada. Al moverte, puedes mover la manada hasta 9 m a un espacio sin ocupar que veas. Si una criatura entra o termina su turno a 3 m de la manada, debe superar una salvación de Destreza o recibir 3d10 daño cortante; solo una tirada por turno. Con niveles superiores (1d10 por cada nivel sobre 3).
","10 min
18 m / 60 f / 12 cas
Acción",259 MdJ*,TRUE,TRUE,FALSE,~,FALSE,FALSE,TRUE,FALSE,TRUE,FALSE,FALSE,FALSE,FALSE,FALSE,FALSE,Directo,"Druida, Explorador"
Conjurar celestial,Conjure Celestial,7,Un ser celestial desciende.,"Conjuras un espíritu de los Planos Superiores que se manifiesta como un pilar de luz de 3 m / 10 pies de radio y 12 m / 40 pies de alto centrado en un punto dentro del alcance. Por cada criatura que veas en el cilindro, eliges el tipo de luz: Luz abrasadora hace una tirada de salvación de Destreza; falla y recibe 6d12 de daño radiante, éxito mitad; Luz sanadora cura 4d12 más tu modificador por aptitud mágica. La luz llena el cilindro y puedes moverlo hasta 9 m / 30 pies cuando te mueves. Cada criatura afectada solo puede ser impactada una vez por turno. Con un espacio de conjuro superior a 7, el daño y la curación aumentan 1d12 por nivel adicional.
","10 min
27 m / 90 f / 18 cas
Acción",259 MdJ*,TRUE,TRUE,FALSE,~,FALSE,FALSE,TRUE,FALSE,TRUE,FALSE,FALSE,FALSE,FALSE,FALSE,FALSE,Directo,Clerigo
Conjurar descarga de proyectiles,Conjure Barrage,3,Proyectiles fantasma.,"Blandes el arma utilizada para lanzar el conjuro e invocas versiones espectrales parecidas (o munición para el tipo de arma correspondiente) que salen disparadas hacia adelante y luego desaparecen. Todas las criaturas de tu elección que puedas ver en un cono de 18 m / 60 pies hacen una tirada de salvación de Destreza; sufrirán 5d8 de daño de fuerza si la fallan o la mitad del daño si la superan.
Con un espacio de conjuro de nivel superior. El daño aumenta en 1d8 por cada nivel por encima de 3 que tenga el espacio.
","Instant.
Lanzador
Acción",259 MdJ,TRUE,TRUE,TRUE,~,FALSE,FALSE,FALSE,FALSE,TRUE,FALSE,FALSE,FALSE,FALSE,FALSE,FALSE,TdS Dest.,Explorador
Conjurar elemental,Conjure Elemental,5,La fuerza elemental responde.,"Invocas un espíritu Grande e intangible de los Planos Elementales, que aparece en un espacio sin ocupar dentro del alcance. Elige el elemento del espíritu, que determina su tipo de daño: agua (frío), aire (relámpago), fuego (fuego) o tierra (trueno). El espíritu permanece hasta que el conjuro termine. 
Siempre que una criatura que puedas ver entre en el espacio del espíritu o empiece su turno a 1,5 m / 5 pies o menos de él, puedes obligarla a hacer una tirada de salvación de Destreza si el espíritu no tiene ninguna criatura apresada. Si la falla, el objetivo sufrirá 8d8 de daño del tipo del espíritu y tendrá el estado de apresado hasta que el conjuro termine. Al principio de cada uno de sus turnos, el objetivo apresado repite la tirada de salvación. Si la falla, sufrirá 4d8 de daño del tipo del espíritu. Si la supera, dejará de estar apresado por él.
Con un espacio de conjuro de nivel superior. El daño aumenta en 2d8 por cada nivel por encima de 5 que tenga el espacio.","10 min
18 m / 60 f / 12 cas
Acción",259 MdJ,TRUE,TRUE,FALSE,~,FALSE,FALSE,TRUE,FALSE,TRUE,FALSE,FALSE,FALSE,FALSE,FALSE,FALSE,Directo,"Druida, Mago"
Conjurar elementales menores,Conjure Minor Elementals,4,Pequeños elementos al servicio.,"Conjuras espíritus de los Planos Elementales que revolotean a tu alrededor en una emanación de 4,5 m / 15 pies mientras dure el conjuro. Hasta que el conjuro termine, cualquier ataque que hagas causará 2d8 de daño adicional cuando aciertes a una criatura dentro de la emanación. Ese daño será de ácido, frío, fuego o relámpago (a tu elección cuando ataques).
Además, el suelo incluido en la emanación se considerará terreno difícil para tus enemigos.
Con un espacio de conjuro de nivel superior. El daño aumenta en 2d8 por cada nivel por encima de 4 que tenga el espacio.","10 min
Lanzador
Acción",260 MdJ,TRUE,TRUE,FALSE,~,FALSE,FALSE,TRUE,FALSE,TRUE,FALSE,FALSE,FALSE,FALSE,FALSE,FALSE,Directo,"Druida, Mago"
Conjurar feérico,Conjure Fey,6,Lo feérico cruza el velo.,"Conjuras un espíritu Mediano de los Parajes Feéricos en un espacio sin ocupar que puedas ver dentro del alcance. El espíritu dura hasta que termine el conjuro y toma la forma de una criatura feérica de tu elección. Cuando aparezca, puedes hacer un ataque de conjuro cuerpo a cuerpo contra una criatura a 1,5 m / 5 pies o menos de él. Si acierta, el objetivo sufrirá una cantidad de daño psíquico igual a 3d12 más tu modificador por aptitud mágica y tendrá el estado de asustado hasta el principio de tu siguiente turno, y tanto el espíritu como tú seréis el origen de su miedo. Como acción adicional en tus siguientes turnos, puedes teletransportar el espíritu a un espacio sin ocupar que puedas ver a 9 m / 30 pies o menos del espacio que ocupaba antes y hacer el ataque contra una criatura a 1,5 m / 5 pies o menos de él.
Con un espacio de conjuro de nivel superior. El daño aumenta en 2d12 por cada nivel por encima de 6 que tenga el espacio.","10 min
18 m / 60 f / 12 cas
Acción",260 MdJ,TRUE,TRUE,FALSE,~,FALSE,FALSE,TRUE,FALSE,TRUE,FALSE,FALSE,FALSE,FALSE,FALSE,FALSE,Directo,Druida
Conjurar lluvia de flechas,Conjure Volley,5,Haces que llueva muerte.,"Blandes el arma utilizada para lanzar el conjuro y eliges un punto dentro del alcance. Cientos de duplicados espectrales del arma (o munición para el tipo de arma correspondiente) caen en una lluvia y luego desaparecen. Todas las criaturas de tu elección que puedas ver dentro de un cilindro de 12 m / 40 pies de radio y 6 m / 20 pies de altura centrado en ese punto hacen una tirada de salvación de Destreza. Sufrirán 8d8 de daño de fuerza si la fallan o la mitad del daño si la superan.
","Instant.
45 m / 150 f / 30 cas
Acción",261 MdJ,TRUE,TRUE,TRUE,1 pc ,TRUE,FALSE,FALSE,FALSE,TRUE,FALSE,FALSE,FALSE,FALSE,FALSE,FALSE,TdS Des.,Explorador
Conjurar seres del bosque,Conjure Woodland Beings,4,Invocas 3 espiritus elementales.,"Conjuras  espíritus de la naturaleza que revolotean a tu alrededor en una emanación de 3 m / 10 pies hasta que el conjuro termine. Siempre que la emanación entre en el espacio de una criatura que puedas ver y siempre que una criatura que puedas ver entre en la emanación o termine su turno allí, puedes obligar a la criatura a hacer una tirada de salvación de Sabiduría. Sufrirá 5d8 de daño de fuerza si la falla o la mitad del daño si la supera. Una criatura solo hace esta tirada una vez por turno.
Además, hasta que termine el conjuro, puedes llevar a cabo la acción de destrabarse como acción adicional.
Con un espacio de conjuro de nivel superior. El daño aumenta en 1d8 por cada nivel por encima de 4 que tenga el espacio.
","10 min
Lanzador
Acción",261 MdJ,TRUE,TRUE,FALSE,~,FALSE,FALSE,TRUE,FALSE,TRUE,FALSE,FALSE,FALSE,FALSE,FALSE,FALSE,Directo,"Druida, Explorador"
Cono de frío,Cone of Cold,5,El frío devora el aire.,"Emites una ráfaga de aire helado. Todas las criaturas situadas en un cono de 18 m / 60 pies que se origina en ti hacen una tirada de salvación de Constitución; sufrirán 8d8 de daño de frío si la fallan o la mitad de daño si la superan. Si una criatura muere a causa de este conjuro, se convertirá en una estatua congelada hasta que se descongele.
Con un espacio de conjuro de nivel superior. El daño aumenta en 1d8 por cada nivel por encima de 5 que tenga el espacio.","Instant.
Lanzador
Acción",261 MdJ,TRUE,TRUE,TRUE,~,FALSE,FALSE,FALSE,FALSE,FALSE,FALSE,FALSE,TRUE,FALSE,FALSE,FALSE,Directo,"Druida, Hechicero, Mago"
Conocer las leyendas,Legend Lore,5,Los secretos del pasado responden.,"Nombra o describe una persona, un lugar o un objeto famoso. El conjuro traerá a tu mente un breve resumen de la información relevante sobre lo nombrado, que describe tu DM.
Esta información pueden ser detalles importantes, revelaciones smpáticas o incluso conocimiento secreto que no es de dominio público. Cuanta más información tengas ya sobre esa cosa, más precisa y detallada será la que consigas. La información será cierta, pero puede estar disimulada bajo un lenguaje metafórico o poético, a discreción de tu DM.
Si lo que has nombrado no es famoso, en su lugar escucharas una musiquilla triste tocada con un trombón y el conjuro fallará.","Instant.
Lanzador
10 min",261 MdJ,TRUE,TRUE,TRUE,250 po* / 200 po,TRUE,FALSE,FALSE,FALSE,FALSE,TRUE,FALSE,FALSE,FALSE,FALSE,FALSE,Directo,"Bardo, Clerigo, Mago"
Consagrar,Hallow,5,El lugar queda bendecido.,"Tocas un punto e impregnas una zona de hasta 18 m / 60 pies de radio con poder sagrado o impío; falla si incluye una zona ya consagrada. Las criaturas de los tipos elegidos (aberración, celestial, elemental, feérico, infernal o muerto viviente) no pueden entrar voluntariamente y pierden posesión o los estados asustada o hechizada dentro de la zona. Puedes añadir un efecto adicional: Coraje (no se asustan), Descanso plácido (cadáveres no se convierten en muertos vivientes), Don de lenguas (comunicación entre criaturas sin idioma común), Intromisión extradimensional (no entran ni salen por teletransporte o viaje interplanar), Luz del día (luz brillante; no puede ser anulada por conjuros menores), Oscuridad (oscuridad total; no puede ser iluminada por conjuros menores), Resistencia (resistencia a un tipo de daño), Silencio (ningún sonido entra o sale), Terror (estado asustada), Vulnerabilidad (vulnerabilidad a un tipo de daño).","Disipado
Toque
24 horas",261 MdJ*,TRUE,TRUE,TRUE,1000 po*,TRUE,FALSE,FALSE,TRUE,FALSE,FALSE,FALSE,FALSE,FALSE,FALSE,FALSE,Directo,Clerigo
Contactar con otro plano,Contact Other Plane,5,Voces más allá de la razón.,"Contactas mentalmente con un semidiós, el espíritu de un erudito muerto hace tiempo o cualquier otra entidad ilustrada de otro plano. Contactar con esta inteligencia sobrenatural puede hacer añicos tu mente. Cuando lances este conjuro, haz una tirada de salvación de Inteligencia con CD 15. Si superas la tirada, puedes hacerle a la entidad hasta cinco preguntas, que debes realizar antes de que el conjuro termine. Tu DM responderá a cada pregunta con una sola palabra, como 'sí', 'no', 'puede', 'nunca', 'irrelevante' o 'ambiguo' (si la entidad no conoce la respuesta a la pregunta). Si una respuesta de una sola palabra pudiera inducir a error, tu DM podría ofrecer en su lugar una frase corta.
Si fallas la tirada, sufrirás 6d6 de daño psíquico y tendrás el estado de incapacitado hasta que finalices un descanso largo. Si te lanzan un conjuro de restablecimiento mayor, el efecto acabará.
","1 min
Lanzador
1 min o ritual",262 MdJ,FALSE,TRUE,FALSE,~,FALSE,TRUE,FALSE,FALSE,FALSE,TRUE,FALSE,FALSE,FALSE,FALSE,FALSE,TdS Int. propia,"Brujo, Mago"
Contagio,Contagion,5,La enfermedad prende.,"Tu toque causa un contagio mágico. El objetivo debe superar una tirada de salvación de Constitución o sufrirá 11d8 de daño necrótico y tendrá el estado de envenenado. Además, elige una característica cuando lances el conjuro. Mientras esté envenenado, el objetivo tendrá desventaja en las tiradas de salvación que haga con la característica elegida.
El objetivo deberá repetir la tirada de salvación al final de cada uno de sus turnos hasta que la supere o la falle tres veces. Si supera tres de estas tiradas, el conjuro terminará para el objetivo, pero si falla tres tiradas, el conjuro le durará 7 días. 
Cuando el objetivo envenenado reciba un efecto que fuera a poner fin al estado de envenenado, deberá superar una tirada de salvación de Constitución o el estado de envenenado no terminará.","7 días
Toque
Acción",262 MdJ,TRUE,TRUE,FALSE,~,FALSE,FALSE,FALSE,FALSE,FALSE,FALSE,FALSE,FALSE,FALSE,TRUE,FALSE,TdS Con.,"Druida, Clerigo"
Contingencia,Contingency,6,La magia actúa cuando todo falla.,"Eliges un conjuro de nivel 5 o inferior que puedas lanzar como acción y que te permita ser el objetivo. Al lanzar contingencia, lanzas simultáneamente ese conjuro gastando ambos espacios, pero el conjuro elegido no tiene efecto hasta que se cumpla la condición que describes al lanzarlos. Cuando la condición ocurre, el conjuro se activa inmediatamente sobre ti y termina al completarse. Solo puedes tener un conjuro contingencia activo; lanzar uno nuevo cancela el anterior. Contingencia también termina si pierdes su componente material.","10 días
Lanzador
10 min",263 MdJ*,TRUE,TRUE,TRUE,1500 po,TRUE,FALSE,FALSE,TRUE,FALSE,FALSE,FALSE,FALSE,FALSE,FALSE,FALSE,Directo,Mago
Contorno borroso,Blur,2,Tu figura se vuelve imprecisa.,"Tu cuerpo se vuelve borroso. Hasta que termine el conjuro, todas las criaturas tendrán desventaja en las tiradas de ataque contra ti. Un atacante es inmune a este efecto si te percibe mediante visión ciega o visión verdadera.","1 min
Lanzador
Acción",263 MdJ,TRUE,FALSE,FALSE,~,FALSE,FALSE,TRUE,FALSE,FALSE,FALSE,FALSE,FALSE,TRUE,FALSE,FALSE,Directo,"Hechicero, Mago"
Contrahechizo,Counterspell,3,La magia se corta en seco.,"Intentas interrumpir a una criatura que esté lanzando un conjuro. La criatura hace una tirada de salvación de Constitución. Si la falla, el conjuro se disipa sin causar efecto alguno y la acción, acción adicional o reacción empleada para lanzarlo se desperdiciará. Si ese conjuro se lanzó con un espacio de conjuro, dicho espacio no se gastará.","Instant.
18 m / 60 f / 12 cas
Reacción, alguien en
el rango lanza un hechizo",263 MdJ,TRUE,FALSE,FALSE,~,FALSE,FALSE,FALSE,TRUE,FALSE,FALSE,FALSE,FALSE,FALSE,FALSE,FALSE,TdS Con.,"Brujo, Hechicero, Mago"
Controlar agua,Control Water,4,Las aguas obedecen.,"Controlas cualquier agua en un cubo de hasta 30 m / 100 pies de lado mientras dura el conjuro, eligiendo uno de estos efectos: Inundación: subes el nivel del agua hasta 6 m / 20 pies o creas una ola de 6 m / 20 pies que arrastra vehículos Enormes o menores; 25 % de probabilidad de volcarlos. Abrir las aguas: divides el agua formando una zanja con muros laterales que se llena lentamente al siguiente turno. Redirigir caudal: haces que el agua fluya en la dirección que indiques, incluso subiendo obstáculos; fuera del área, retoma su flujo normal. Remolino: creas un remolino de al menos 15 m / 50 pies de lado y 7,5 m / 25 pies de profundidad; atrae a criaturas a 3 m / 10 pies, que realizan salvación de Fuerza; si fallan reciben 2d8 de daño contundente, si tienen éxito la mitad; solo pueden escapar con acción y prueba de Atletismo contra tu CD. Puedes cambiar de efecto como acción en tus turnos.
","10 min
90 m / 300 f / 60 cas
Acción",263 MdJ*,TRUE,TRUE,TRUE,~,FALSE,FALSE,TRUE,FALSE,FALSE,FALSE,FALSE,FALSE,FALSE,FALSE,TRUE,Directo,"Druida, Clerigo, Mago"
Controlar el clima,Control Weather,8,El cielo cambia de humor.,"Controlas el clima en un radio de 7,5 km / 4,66 millas mientras dura el conjuro. Debes estar al aire libre y termina si entras en interiores. Cambias precipitación, temperatura y viento; tarda 1d4 × 10 minutos en surtir efecto. Precipitación: claro, nubes ligeras, nublación/niebla, lluvia/granizo/nieve, lluvia torrencial/ventisca. Temperatura: ola de calor, caliente, cálido, fresco, frío, congelación. Viento: calma, moderado, fuerte, vendaval, tormenta. Puedes ajustar condiciones de nuevo durante el conjuro; al terminar, el clima regresa gradualmente a la normalidad.
","8 horas
Lanzador
10 min",264 MdJ*,TRUE,TRUE,TRUE,~,FALSE,FALSE,TRUE,FALSE,FALSE,FALSE,FALSE,FALSE,FALSE,FALSE,TRUE,Directo,"Druida, Clerigo, Mago"
Corcel fantasma,Phantom Steed,3,Una montura nacida del más allá.,"Una criatura equina cuasi real de tamaño Grande aparece en un espacio sin ocupar de tu elección dentro del alcance. Tú decides su aspecto y estará equipada con una silla, bocado y bridas. Cualquier equipo creado por el conjuro se desvanecerá en una bocanada de humo si se lleva a más de 3 m / 10 pies de la montura.
Hasta que termine el conjuro, tú o una criatura de tu elección podéis montar el corcel. El corcel utiliza el perfil del caballo de monta (consulta el apéndice B), excepto que tiene una velocidad de 30 m / 100 pies y puede desplazarse a 20 km/h. Cuando el conjuro termina, el corcel se desvanece gradualmente, lo que da al jinete 1 minuto para desmontar. El conjuro termina antes si el corcel recibe daño.
","1 hora
9 m / 30 f / 6 cas
1 minuto o ritual",264 MdJ,TRUE,TRUE,FALSE,~,FALSE,TRUE,FALSE,FALSE,FALSE,FALSE,FALSE,FALSE,TRUE,FALSE,FALSE,Directo,Mago
Cordón de flechas,Cordon of Arrows,2,4 flechas mágicas.,"Tocas hasta cuatro flechas o virotes no mágicos y los clavas en el suelo dentro de tu espacio. Hasta que el conjuro termine, la munición no podrá extraerse por la fuerza, y siempre que una criatura que no seas tú entre en un espacio a 9 m / 30 pies o menos de la munición por primera vez en un turno o termine su turno allí, uno de los proyectiles saldrá volando para atacarla. La criatura deberá superar una tirada de salvación de Destreza o sufrirá 2d4 de daño perforante. A continuación, el proyectil se destruye. El conjuro termina cuando no quede munición clavada en el suelo.
Cuando lanzas este conjuro, puedes designar criaturas de tu elección para que el conjuro las ignore.
Con un espacio de conjuro de nivel superior. La cantidad de munición que puedes hechizar aumenta en 2 por cada nivel por encima de 2 que tenga el espacio.
","8 h.
Toque
Acción",265 MdJ,TRUE,TRUE,TRUE,~,FALSE,FALSE,FALSE,FALSE,FALSE,FALSE,FALSE,FALSE,FALSE,FALSE,TRUE,TdS Des.,Explorador
Corona de la locura,Crown of Madness,2,La locura se posa como una corona.,"Una criatura que veas dentro del alcance debe superar una tirada de salvación de Sabiduría o quedar hechizada; los no humanoides superan automáticamente. Aparece una corona espectral sobre su cabeza y debe usar su acción antes de moverse para atacar cuerpo a cuerpo a una criatura que elijas; si no eliges objetivo o no hay alcance, actúa normalmente. Repite la tirada de salvación al final de cada turno, liberándose si tiene éxito. Debes usar la acción de magia en tus turnos para mantener el control, o el conjuro termina.","1 min
36 m / 120 f / 24 cas
Acción",265 MdJ*,TRUE,TRUE,FALSE,~,FALSE,FALSE,TRUE,FALSE,FALSE,FALSE,TRUE,FALSE,FALSE,FALSE,FALSE,TdS Sab.,"Bardo, Brujo, Hechicero, Mago"
Creación,Creation,5,La materia obedece.,"Tomas hebras de sombra del Páramo Sombrío para crear un objeto dentro del alcance. Puede ser un objeto de materia vegetal (tela, cuerda, etc.) o mineral (piedra, cristal, etc.). El objeto no puede ser mayor que un cubo de 1,5 m / 5 pies de lado y debe tener una forma y un material que hayas visto. Revisa la duracion en la siguiente tabla. Con varios materiales, su duración será la menor. No puedes usar un objeto creado con este conjuro para crear otro usando este mismo conjuro.
Material
Material Vegetal
Piedra o cristal
Metales preciosos
Gemas
Adamantina o mithral

Duración
24 horas
12 horas
1 hora
10 minutos
1 minuto

Con un espacio de conjuro de nivel superior. El tamaño del cubo aumenta en 1,5 m / 5 pies por cada nivel por encima de 5 que tenga el espacio.
","Especial
9 m / 30 f / 6 cas
1 min",265 MdJ*,TRUE,TRUE,TRUE,~,FALSE,FALSE,FALSE,FALSE,FALSE,FALSE,FALSE,FALSE,TRUE,FALSE,FALSE,Directo,"Hechicero, Mago"
Crear comida y agua,Create Food and Water,3,Sustento nacido de la fe.,"Creas 22,5 kg de comida y 120 l / 31,7 galones de agua potable en el suelo o en recipientes dentro del alcance, ideales para evitar los peligros de la desnutrición y la deshidratación. La comida es sosa pero nutritiva y tiene el aspecto de una comida de tu elección, mientras que el agua está limpia. La comida se estropea si no se consume en 24 horas.
","Instant.
9 m / 30 f / 6 cas
Acción",265 MdJ,TRUE,TRUE,FALSE,~,FALSE,FALSE,FALSE,FALSE,TRUE,FALSE,FALSE,FALSE,FALSE,FALSE,FALSE,Directo,"Clerigo, Paladín"
Crear llama,Produce Flame,Truco,Una chispa en la mano.,"En tu mano aparece una llama titilante, que permanece hasta que termine el conjuro. En tu mano, la llama no genera calor, no puede quemar nada y emite una luz brillante en un radio de 6 m / 20 pies y luz tenue 6 m / 20 pies más allá.El conjuro termina si lo vuelves a lanzar.
Hasta que el conjuro termine, puedes usar una acción de magia para arrojar la llama a una criatura u objeto a 18 m o menos de ti. Haz un ataque de conjuro a distancia. Si acierta, el objetivo recibe 1d8 de daño de fuego.
Mejora de truco. El daño aumenta en 1d8 cuando alcanzas los niveles 5 (2d8), 11 (3d8) y 17 (4d8).","10 min
Lanzador
Acción adicional",266 MdJ,TRUE,TRUE,FALSE,~,FALSE,FALSE,FALSE,FALSE,TRUE,FALSE,FALSE,FALSE,FALSE,FALSE,FALSE,Directo,Druida
Crear muerto viviente,Create Undead,6,La muerte obedece.,"Solo puedes lanzar este conjuro de noche y eliges hasta tres cadáveres de humanoides Pequeños o Medianos dentro del alcance, cada uno se anima como un ghoul bajo tu control durante 24 horas. Como acción bonus en tus turnos, puedes dar órdenes mentales a cualquier criatura animada a 120 pies (36 m) o menos, incluso a varias a la vez con la misma orden; decides su acción y movimiento o das órdenes generales como proteger un área. Si no das órdenes, la criatura esquiva y solo se mueve para evitar daño. Las órdenes se siguen hasta completarse. Tras 24 horas dejan de obedecerte, pero antes de que termine ese tiempo puedes relanzar el conjuro para reafirmar el control sobre hasta tres criaturas animadas. Con un espacio de nivel 7 controlas cuatro ghouls; con nivel 8 cinco ghouls o dos ghasts o wights; con nivel 9 seis ghouls, tres ghasts o wights, o dos momias.
","Instant.
3 m / 10 f / 2 cas
1 min",266 MdJ*,TRUE,TRUE,TRUE,150 po/cadaver,TRUE,FALSE,FALSE,FALSE,FALSE,FALSE,FALSE,FALSE,FALSE,TRUE,FALSE,Directo,"Brujo, Clerigo, Mago"
Crear o destruir agua,Create or Destroy Water,1,El agua aparece o desaparece.,"Produces uno de estos efectos:
Crear agua. Creas hasta 40 litros de agua limpia dentro del alcance en un recipiente abierto. Como alternativa, el agua cae en forma de lluvia en un cubo de 9 m / 30 pies de lado dentro del alcance y apaga las llamas abiertas de la zona.
Destruir agua. Destruyes hasta 40 litros de agua dentro del alcance en un recipiente abierto. Como alternativa,puedes destruir niebla en un cubo de 9 m / 30 pies de lado dentro del alcance.
Con un espacio de conjuro de nivel superior. Creas o destruyes 40 litros más de agua o el tamaño del cubo aumenta en 1,5 m / 5 pies por cada nivel por encima de 1 que tenga el espacio.","Instant.
9 m / 30 f / 6 cas
Acción",266 MdJ,TRUE,TRUE,TRUE,~,FALSE,FALSE,FALSE,FALSE,FALSE,FALSE,FALSE,FALSE,FALSE,FALSE,TRUE,Directo,"Druida, Clerigo"
Crecimiento espinoso,Spike Growth,2,Suelo espinoso.,"Del suelo en una esfera de 6 m / 20 pies de radio centrada en un punto dentro del alcance brotan espinas y pinchos. La zona se vuelve terreno difícil hasta que termine el conjuro. Cuando una criatura entra en la zona o se desplaza por ella, recibe 2d4 de daño perforante por cada 1,5 m / 5 pies que avanza.
La transformación del suelo se camufla, de forma que parece natural. Cualquier criatura que no pueda ver la zona cuando se lanza el conjuro deberá emplear una acción de buscar y superar una prueba de Sabiduría (Percepción o Supervivencia) contra tu CD de salvación de conjuros para reconocer que el terreno es peligroso antes de adentrarse en él.","10 min
45 m / 150 f / 30 cas
Acción",266 MdJ,TRUE,TRUE,TRUE,~,FALSE,FALSE,TRUE,FALSE,FALSE,FALSE,FALSE,FALSE,FALSE,FALSE,TRUE,Directo,"Druida, Explorador"
Crecimiento vegetal,Plant Growth,3,La naturaleza crece sin permiso.,"Canalizas vitalidad hacia las plantas. Con tiempo de lanzamiento de una acción, elige un punto dentro del alcance; todas las plantas normales en un radio de 30 m se vuelven densas, y las criaturas gastan 4 m de movimiento por cada metro recorrido; puedes excluir áreas dentro del radio. Con un tiempo de lanzamiento de 8 horas, todas las plantas en un radio de 750 m / 0,46 yardas se fertilizan durante 365 días, produciendo el doble de alimento; solo pueden beneficiarse de este efecto una vez al año.","Instant.
45 m / 150 f / 30 cas
Acción o 8 h",266 MdJ*,TRUE,TRUE,FALSE,~,FALSE,FALSE,FALSE,FALSE,FALSE,FALSE,FALSE,FALSE,FALSE,FALSE,TRUE,Directo,"Bardo, Druida, Explorador"
Cuchillo de hielo,Ice Knife,1,Hielo afilado y letal.,"Creas una esquirla de hielo y se la lanzas a una criatura dentro del alcance. Haz un ataque de conjuro a distancia contra el objetivo. Si acierta, el objetivo recibe 1d10 de daño perforante. Acierte o falle, el fragmento explotará. El objetivo y todas las criaturas a 1,5 m / 5 pies menos de él deberán superar una tirada de salvación de Destreza o recibirán 2d6 de daño de frío.
Con un espacio de conjuro de nivel superior. El daño de frío aumenta en 1d6 por cada nivel por encima de 1 que tenga el espacio.
","Instant.
18 m / 60 f / 12 cas
Acción",267 MdJ,TRUE,FALSE,TRUE,~,FALSE,FALSE,FALSE,FALSE,TRUE,FALSE,FALSE,FALSE,FALSE,FALSE,FALSE,D20+ata.conj.,"Druida, Hechicero, Mago"
Curar,Heal,6,La energía vital regresa.,"Elige a una criatura que puedas ver dentro del alcance. Una energía positiva la recorre y hace que recupere 70 puntos de golpe. El conjuro también elimina los estados de cegado, ensordecido y envenenado del objetivo.
Con un espacio de conjuro de nivel superior. La curación aumenta en 10 por cada nivel por encima de 6 que tenga el espacio.
","Instant.
18 m / 60 f / 12 cas
Acción",267 MdJ,TRUE,TRUE,FALSE,~,FALSE,FALSE,FALSE,TRUE,FALSE,FALSE,FALSE,FALSE,FALSE,FALSE,FALSE,Directo,"Clerigo, Druida"
Curar en masa,Mass Heal,9,La sanación alcanza a todos.,"De ti brota una oleada de energía curativa que envuelve a las criaturas que te rodean. Haces recuperar hasta 700 puntos de golpe, repartidos como tú escojas entre cualquier cantidad de criaturas que puedas ver dentro del alcance. Las criaturas sanadas con este conjuro también se libran de los estados de cegadas, ensordecidas y envenenadas.
","Instant.
18 m / 60 f / 12 cas
Acción",267 MdJ,TRUE,TRUE,FALSE,~,FALSE,FALSE,FALSE,TRUE,FALSE,FALSE,FALSE,FALSE,FALSE,FALSE,FALSE,Directo,Clerigo
Curar heridas,cure Wounds,1,La herida cede ante tu toque.,"Una criatura a la que toques recupera una cantidad de puntos de golpe igual a 2d8 más tu modificador por aptitud mágica.
Con un espacio de conjuro de nivel superior. La curación aumenta en 2d8 por cada nivel por encima de 1 que tenga el espacio.","Instant.
Toque
Acción",267 MdJ,TRUE,TRUE,FALSE,~,FALSE,FALSE,FALSE,TRUE,FALSE,FALSE,FALSE,FALSE,FALSE,FALSE,FALSE,Directo,"Bardo, Druida, Clerigo, Explorador, Paladín"
Curar heridas en masa,Mass Cure Wounds,5,La sanación alcanza a todos.,"Una ola de energía curativa brota de un punto que puedas ver dentro del alcance. Elige a hasta seis criaturas en una esfera de 9 m / 30 pies de radio centrada en ese punto. Cada objetivo recupera una cantidad de puntos de golpe igual a 5d8 más tu modificador por aptitud mágica.
Con un espacio de conjuro de nivel superior. La curación aumenta en 1d8 por cada nivel por encima de 5 que tenga el espacio.","Instant.
18 m / 60 f / 12 cas
Acción",267 MdJ,TRUE,TRUE,FALSE,~,FALSE,FALSE,FALSE,TRUE,FALSE,FALSE,FALSE,FALSE,FALSE,FALSE,FALSE,Directo,"Bardo, Druida, Clerigo"
Dañar,Harm,6,La vida se drena.,"Desatas una magia virulenta sobre una criatura que puedas ver dentro del alcance. El objetivo hace una tirada de salvación de Constitución. Si la falla, sufre 14d6 de daño necrótico y sus puntos de golpe máximos se reducen en una cantidad igual al daño necrótico recibido. Si la supera, recibirá solo la mitad de daño. Este conjuro no puede reducir los puntos de golpe máximos del objetivo a menos de 1.","Instant.
18 m / 60 f / 12 cas
Acción",268 MdJ,TRUE,TRUE,FALSE,~,FALSE,FALSE,FALSE,FALSE,FALSE,FALSE,FALSE,FALSE,FALSE,TRUE,FALSE,TdS Con.,Clerigo
De la carne a la piedra,Flesh to Stone,6,La carne se vuelve roca.,"Intentas petrificar a una criatura que puedes ver dentro del alcance. El objetivo hace una tirada de salvación de Constitución; si falla, queda restringido, si tiene éxito, su velocidad es 0 hasta su próximo turno. Un objetivo restringido repite la salvación al final de cada turno; tres fallos lo petrifican y obtiene la condición de petrificado, tres aciertos terminan el hechizo. Éxitos y fallos no necesitan ser consecutivos. Las construcciones resisten automáticamente. Si mantienes concentración toda la duración, la criatura permanece petrificada hasta curación mágica.
","1 min
18 m / 60 f / 12 cas
Acción",268 MdJ*,TRUE,TRUE,TRUE,~,FALSE,FALSE,TRUE,FALSE,FALSE,FALSE,FALSE,FALSE,FALSE,FALSE,TRUE,TdS Con.,"Druida, Hechicero, Mago"
Dedo de la muerte,Finger of Death,7,Un final con un solo gesto.,"Desatas una energía negativa hacia una criatura que puedas ver dentro del alcance. El objetivo hace una tirada de salvación de Constitución; sufrirá 7d8 + 3d0 de daño necrótico si la falla o la mitad del daño si la supera.
Si un humanoide muere a causa de este conjuro, se alzará al principio de tu siguiente turno como un zombi (consulta el apéndice B en el MdJ) y seguirá tus órdenes verbales.
","Instant.
18 m / 60 f / 12 cas
Acción",268 MdJ,TRUE,TRUE,FALSE,~,FALSE,FALSE,FALSE,FALSE,FALSE,FALSE,FALSE,FALSE,FALSE,TRUE,FALSE,TdS Con.,"Brujo, Hechicero, Mago"
Descarga de fuego,Fire Bolt,Truco,Fuego en estado puro.,"Arrojas una mota de fuego a una criatura u objeto dentro del alcance. Haz un ataque de conjuro a distancia contra el objetivo. Si acierta, el objetivo recibe 1d10 de daño de fuego. Los objetos inflamables a los que acierte el conjuro empezarán a arder si nadie los lleva o viste.
Mejora de truco. El daño aumenta en 1d10 cuando alcanzas los niveles 5 (2d10), 11 (3d10) y 17 (4d10).","Instant.
36 m / 120 f / 24 cas
Acción",268 MdJ,TRUE,TRUE,FALSE,~,FALSE,FALSE,FALSE,FALSE,FALSE,FALSE,FALSE,TRUE,FALSE,FALSE,FALSE,D20+ata.conj.,"Hechicero, Mago"
Descarga sobrenatural,Eldritch Blast,Truco,Pura energía desatada.,"Lanzas un rayo de energía crepitante. Realiza un ataque de conjuro a distancia contra una criatura u objeto dentro del alcance. Si acierta, el objetivo recibe 1d10 de daño de fuerza.
Mejora de truco. El conjuro crea dos rayos a nivel 5, tres rayos a nivel 11 y cuatro rayos a nivel 17. Puedes dirigir los rayos al mismo objetivo o a diferentes. Realiza una tirada de ataque diferente para cada rayo.","Instant.
36 m / 120 f / 24 cas
Acción",268 MdJ,TRUE,TRUE,FALSE,~,FALSE,FALSE,FALSE,FALSE,FALSE,FALSE,FALSE,TRUE,FALSE,FALSE,FALSE,D20+ata.conj.,Brujo
Deseo,Wish,9,La realidad concede un favor.,"Deseo es el hechizo más poderoso que un mortal puede lanzar, alterando la realidad con solo hablar en voz alta. Puede duplicar cualquier hechizo de nivel 8 o inferior sin necesidad de componentes ni requisitos, funcionando automáticamente.  Alternativamente, puedes elegir un efecto propio:
Creación de objetos.
Curación instantánea.
Resistencia.
Inmunidad a conjuros.
Aprendizaje repentino.
Rehacer tiradas.
Remodelar la realidad.
(Revisa las descripciones en el MdJ).","Instant.
Lanzador
Acción",268 MdJ*,FALSE,TRUE,FALSE,~,FALSE,FALSE,FALSE,FALSE,TRUE,FALSE,FALSE,FALSE,FALSE,FALSE,FALSE,Directo,"Hechicero, Mago"
Desintegrar,Desintegrate,6,Todo se reduce a polvo.,"Lanzas un rayo verde hacia un objetivo que puedas ver dentro del alcance. El objetivo puede ser una criatura, un objeto no mágico o una creación de fuerza mágica, como una pared creada por muro de fuerza.
Una criatura que sea objetivo de este conjuro deberá hacer una tirada de salvación de Destreza. Si la falla, recibirá 10d6 + 40 de daño de fuerza. Si este daño reduce sus puntos de golpe a 0. La criatura solo puede ser devuelta a la vida mediante un conjuro deseo o resurrección verdadera.
Este conjuro desintegra automáticamente cualquier objeto no mágico de tamaño Grande o más pequeño o cualquier creación de fuerza mágica. Si el objetivo es Enorme o mayor, el conjuro desintegrará una parte de él con forma de cubo de 3 m / 10 pies de lado.
Con un espacio de conjuro de nivel superior. El daño aumenta en 3d6 por cada nivel por encima de 6 que tenga el espacio.
","Instant.
18 m / 60 f / 12 cas
Acción",269 MdJ*,TRUE,TRUE,TRUE,~,FALSE,FALSE,FALSE,FALSE,FALSE,FALSE,FALSE,FALSE,FALSE,FALSE,TRUE,TdS Des.,"Hechicero, Mago"
Despertar,Awaken,5,La conciencia despierta.,"Dedicas el tiempo de lanzamiento a trazar surcos mágicos dentro de una piedra preciosa y luego tocas al objetivo, que debe ser una criatura de tipo 'bestia' o 'planta' con una puntuación de Inteligencia de 3 o menos o una planta natural que no sea una criatura. El objetivo obtiene una Inteligencia de 10 y la capacidad de hablar un idioma que conoces. Si el objetivo es una planta natural, se convierte en una criatura de tipo 'planta' y obtiene la capacidad de mover sus miembros, raíces, ramas, enredaderas, etc., así como unos sentidos similares a los de una persona. Tu DM elegirá el perfil adecuado para la planta despertada, por ejemplo el del arbusto despertado o el del árbol despertado del Manual de monstruos.
El objetivo despertado tiene el estado de hechizado durante 30 días o hasta que tú o tus aliados le causéis daño. Cuando termine el estado, la criatura despertada decidirá su actitud hacia ti.
","Instant.
Toque
8 horas",269 MdJ,TRUE,TRUE,TRUE,1000 po*,TRUE,FALSE,FALSE,FALSE,FALSE,FALSE,FALSE,FALSE,FALSE,FALSE,TRUE,Directo,"Bardo, Druida"
Desplazamiento,Blink,3,El mundo se distorsiona.,"Al final de cada uno de tus turnos, tiras 1d6 hasta que el conjuro termine; con un resultado de 4-6, desapareces de tu plano y apareces en el Plano Etéreo (si ya estás allí, el conjuro termina). En el Plano Etéreo, percibes el plano original en tonos de gris hasta 18 m / 60 pies; solo puedes afectar a criaturas en el Plano Etéreo y solo ellas pueden afectarte; criaturas en el otro plano no te perciben salvo que tengan capacidad especial. Al inicio de tu siguiente turno, o si el conjuro termina mientras estás en el Plano Etéreo, reapareces en un espacio sin ocupar que puedas ver a 3 m / 10 pies o menos del que abandonaste; si no hay espacio, apareces en el más cercano disponible.
","1 min
Lanzador
Acción",270 MdJ*,TRUE,TRUE,FALSE,~,FALSE,FALSE,FALSE,FALSE,FALSE,FALSE,FALSE,FALSE,FALSE,FALSE,TRUE,Directo,"Hechicero, Mago"
Desplazamiento entre planos,Plane Shift,7,Cruzar realidades.,"Tú y hasta ocho criaturas voluntarias que unan sus manos formando un círculo sois transportadas a un plano de existencia distinto. Puedes especificar un destino en términos generales, como la Ciudad de Oropel en el Plano Elemental del Fuego o el palacio de Dispater en el segundo nivel de los Nueve Infiernos, y apareceréis en ese destino o cerca de él, según decida tu DM.
Como alternativa, si conoces la secuencia de sellos de un círculo de teletransportación en otro plano de existencia, este conjuro puede llevarte hasta dicho círculo. Si el círculo de teletransportación es demasiado pequeño como para que quepan todas las criaturas que has transportado, aparecerán en los espacios sin ocupar más cercanos a él.
","Instant.
Toque
Acción",270 MdJ,TRUE,TRUE,TRUE,250 po,TRUE,FALSE,FALSE,FALSE,TRUE,FALSE,FALSE,FALSE,FALSE,FALSE,FALSE,Directo,"Brujo, Clerigo, Druida, Hechicero, Mago"
Destierro,Banishment,4,Exilio forzado.,"Una criatura que puedas ver dentro del alcance deberá superar una tirada de salvación de Carisma o se teletransportará a un semiplano inofensivo hasta que termine el conjuro. Mientras permanezca allí, tendrá el estado de incapacitada. Cuando el conjuro termine, el objetivo reaparecerá en el espacio que abandonó o en el espacio sin ocupar más cercano si dicho espacio está ocupado.
Si el conjuro dura 1 minuto y el objetivo es una aberración, un celestial, un elemental, un feérico o un infernal, no regresará. En vez de ello, se teletransportará a un lugar aleatorio de un plano (a elección de tu DM) relacionado con su tipo de criatura.
Con un espacio de conjuro de nivel superior. Puedes hacer objetivo a una criatura adicional por cada nivel por encima de 4 que tenga el espacio.
","1 min
9 m / 30 f / 6 cas
Acción",270 MdJ,TRUE,TRUE,TRUE,~,FALSE,FALSE,TRUE,TRUE,FALSE,FALSE,FALSE,FALSE,FALSE,FALSE,FALSE,TdS Car.,"Brujo, Clerigo, Hechicero, Mago, Paladín"
Detectar el bien y el mal,Detect Evil and Good,1,Sentir la presencia del bien y el mal.,"Hasta que el conjuro termine, percibes la ubicación de cualquier aberración, celestial, elemental, feérico, infernal o muerto viviente a 9 m / 30 pies o menos de ti. También percibes si hay un conjuro consagrar activo en el espacio y su ubicación.
El conjuro no puede atravesar 30 cm / 1 pie de piedra, tierra o madera, 2,5 cm / 1 pulgada de metal o una lámina fina de plomo.
","10 min
Lanzador
Acción",270 MdJ,TRUE,TRUE,FALSE,~,FALSE,FALSE,TRUE,FALSE,FALSE,TRUE,FALSE,FALSE,FALSE,FALSE,FALSE,Directo,"Clerigo, Paladín"
Detectar magia,Detect Magic,1,La magia deja rastro.,"Hasta que el conjuro termine, podrás percibir la presencia de efectos mágicos a 9 m / 30 pies o menos de ti. Si percibes alguno, puedes usar una acción de magia para ver una débil aura alrededor de cualquier objeto o criatura visible dentro de la zona que esté afectada por la magia y, si el efecto lo creó un conjuro, distingues a qué escuela mágica pertenece.
El conjuro no puede atravesar 30 cm / 11 pulgadas de piedra, tierra o madera, 2,5 cm / 0,9 pulgada de metal o una lámina fina de plomo.","10 min
Lanzador
Acción o ritual",270 MdJ,TRUE,TRUE,FALSE,~,FALSE,TRUE,TRUE,FALSE,FALSE,TRUE,FALSE,FALSE,FALSE,FALSE,FALSE,Directo,"Bardo, Druida, Clerigo, Explorador, Brujo, Hechicero, Mago, Paladín"
Detectar pensamientos,Detect Thoughts,2,Los pensamientos no saben esconderse.,"Activas Sentir pensamientos o Leer pensamientos y puedes cambiar entre ellos como acción de magia en tus turnos.
Sentir pensamientos detecta criaturas pensantes en un radio de 9 m / 30 pies sin leer sus pensamientos; el efecto se bloquea por 30 cm de piedra, tierra o madera, 2,5 cm de metal o una lámina fina de plomo. 
Leer pensamientos permite elegir una criatura visible o detectada con Sentir pensamientos y conocer su preocupación principal si entiende un idioma o es telepática. Como acción de magia en turnos posteriores, puedes indagar más profundamente; el objetivo hace tirada de salvación de Sabiduría, si falla percibes razonamiento, emociones y preocupaciones; si supera, el conjuro termina. El objetivo sabe que indagas y puede usar su acción para intentar finalizar el conjuro con prueba de Inteligencia (Arcana) contra tu CD de salvación.","1 min
Lanzador
Acción",271 MdJ*,TRUE,TRUE,TRUE,1 pc,TRUE,FALSE,TRUE,FALSE,FALSE,TRUE,FALSE,FALSE,FALSE,FALSE,FALSE,Directo,"Bardo, Hechicero, Mago"
Detectar trampas,Find Traps,2,Detectas trampas.,"Detectas cualquier trampa dentro del alcance que esté en tu línea de visión. En lo que a este conjuro respecta, una trampa incluye cualquier objeto o mecanismo que fuese creado para causar un daño u otro peligro. Por tanto, el conjuro detectaría los conjuros alarma y glifo custodio o una trampa de pozo mecánica, pero no revelaría una debilidad natural del suelo, un techo inestable o un socavón oculto.
Este conjuro alerta de la existencia de una trampa, pero no te indica su ubicación. Aun así, descubres la naturaleza general del peligro que supone una trampa que detectas.","Instant.
36 m / 120 f / 24 cas
Acción",271 MdJ,TRUE,TRUE,FALSE,~,FALSE,FALSE,FALSE,FALSE,FALSE,TRUE,FALSE,FALSE,FALSE,FALSE,FALSE,Directo,"Explorador, Druida, Clerigo"
Detectar venenos y enfermedades,Detect Poison and Disease,1,Detectas venenos y tipos cerca.,"Hasta que el conjuro termine, percibes la ubicación de venenos, criaturas venenosas y enfermedades mágicas a 9 m / 30 pies o menos de ti, e identificas el tipo de veneno, criatura o enfermedad en cada caso. El conjuro no puede atravesar 30 cm / 1 pie de piedra, tierra o madera, 2,5 cm / 1 pulgada de metal o una lámina fina de plomo.","10 min
Lanzador
Acción o ritual",271 MdJ,TRUE,TRUE,TRUE,~,FALSE,TRUE,TRUE,FALSE,FALSE,TRUE,FALSE,FALSE,FALSE,FALSE,FALSE,Directo,"Druida, Clerigo, Explorador, Paladín"
Disco flotante de Tenser,Tenser's Floating Disk,1,La carga se mueve sola.,"Este conjuro crea un plano de fuerza horizontal de 90 cm / 1 pie de diámetro y 2,5 cm / 1 pulgada de grosor que flota 90 cm / 1 pie por encima del suelo en un espacio sin ocupar de tu elección que puedas ver dentro del alcance. El disco dura hasta que termina el conjuro y puede soportar un peso de hasta 250 kg. Si se pone más peso sobre él, el conjuro termina y todo lo que hay en el disco cae al suelo.
El disco permanecerá inmóvil mientras estés a 6 m o menos de él. Si te alejas a más de 6 m pies de él, te seguirá para mantenerse a 6 m de ti. Se puede mover por terreno irregular y subir y bajar escaleras, pendientes y similares, pero no puede superar un cambio de elevación de 3 m / 10 pies o más.
Por ejemplo, el disco no puede cruzar un pozo de 3 m / 10 pies de profundidad ni salir de él si se crea en el fondo de este. Si te alejas más de 30 m / 100 pies del disco (normalmente, porque no pueda superar un obstáculo para seguirte), el conjuro termina.
","1 hora
9 m / 30 f / 6 cas
Acción o ritual",271 MdJ,TRUE,TRUE,TRUE,~,FALSE,TRUE,FALSE,FALSE,TRUE,FALSE,FALSE,FALSE,FALSE,FALSE,FALSE,Directo,Mago
Disfrazarse,Disguise Self,1,Una cara prestada.,"Te haces parecer diferente hasta que el conjuro termina, incluyendo ropa, armadura, armas y pertenencias; puedes parecer 30 cm más alto o bajo, y más pesado o ligero, manteniendo la misma disposición de miembros. La ilusión no resiste inspección física: los objetos la atraviesan y al tocarte no se percibe. Una criatura debe usar la acción de estudiar y superar una prueba de Inteligencia (Investigación) contra tu CD de salvación de conjuros para discernir la ilusión.","1 hora
Lanzador
Acción",272 MdJ*,TRUE,TRUE,FALSE,~,FALSE,FALSE,FALSE,FALSE,FALSE,FALSE,FALSE,FALSE,TRUE,FALSE,FALSE,Directo,"Bardo, Hechicero, Mago"
Disipar el bien y el mal,Dispel Evil and Good,5,Romper influencias oscuras.,"Hasta que termine el conjuro, celestiales, elementales, feéricos, infernales y muertos vivientes tendrán desventaja en las tiradas de ataque contra ti. Puedes poner fin al conjuro anticipadamente si usas cualquiera de las siguientes funciones especiales.
Despido. Como acción de magia, haces objetivo a una criatura que puedas ver a 1,5 m / 5 pies o menos de ti que tenga uno de los tipos de criatura anteriores. El objetivo deberá superar una tirada de salvación de Carisma o será devuelto a su plano natal si no está allí ya. Si no están en su plano natal, los muertos vivientes son enviados al Páramo Sombrío, y los feéricos, a los Parajes Feéricos.
Romper encantamiento. Como acción de magia, tocas a una criatura que tenga los estados de asustada o hechizada o esté poseída por una o más criaturas de los tipos anteriores. La criatura objetivo deja de estar poseída, asustada o hechizada por dichas criaturas.
","Hasta 1 min.
Lanzador
Acción",272 MdJ,TRUE,TRUE,TRUE,~,FALSE,FALSE,TRUE,TRUE,FALSE,FALSE,FALSE,FALSE,FALSE,FALSE,FALSE,Directo,"Clerigo, Paladín"
Disipar magia,Dispel Magic,3,La magia se deshace.,"Elige una criatura, un objeto o un efecto mágico dentro del alcance. Cualquier conjuro activo de nivel 3 o inferior presente en el objetivo termina. Para cada conjuro activo de nivel 4 o superior, haz una prueba de característica usando tu aptitud mágica (CD 10 más el nivel de eseconjuro). Si superas la tirada, el conjuro termina.
Con un espacio de conjuro de nivel superior. Disipas automáticamente un conjuro sobre el objetivo cuyo nivelsea menor o igual al nivel del espacio de conjuro que hayas utilizado.","Instant.
36 m / 120 f / 24 cas
Acción",273  MdJ,TRUE,TRUE,FALSE,~,FALSE,FALSE,FALSE,TRUE,FALSE,FALSE,FALSE,FALSE,FALSE,FALSE,FALSE,Directo,"Bardo, Druida, Clerigo, Explorador, Brujo, Hechicero, Mago, Paladín"
Dominar bestia,Dominate Beast,4,Hechizas a una bestia.,"Una bestia que puedas ver dentro del alcance hace una tirada de salvación de Sabiduría; si falla, queda hechizada hasta que termine el conjuro. Tiene ventaja si lucha contra ti o tus aliados. Cada vez que recibe daño, repite la tirada; si tiene éxito, se libra del conjuro. Mantienes un vínculo telepático con el objetivo en el mismo plano y puedes dar órdenes sin usar acción, como atacar, moverse o traer objetos. El objetivo obedece lo mejor posible; si no recibe órdenes, actúa libremente y se protege. Puedes usar tu reacción para que realice reacciones.
Con espacios de conjuro superiores, la concentración dura más: nivel 5 (10 minutos), nivel 6 (1 hora), nivel 7 o más (8 horas).
","1 min
18 m / 60 f / 12 cas
Acción",273 MdJ*,TRUE,TRUE,FALSE,~,FALSE,FALSE,TRUE,FALSE,FALSE,FALSE,TRUE,FALSE,FALSE,FALSE,FALSE,TdS Sab.,"Druida, Explorador, Hechicero"
Dominar monstruo,Dominate Monster,8,La voluntad se quiebra.,"Intentas embaucar a una criatura visible dentro del alcance; debe superar una tirada de salvación de Sabiduría o quedara hechizada mientras dure el conjuro. Si luchas contra ella o tus aliados lo hacen, tiene ventaja en la tirada. Mientras esté hechizada, mantienes un vínculo telepático en el mismo plano, permitiéndote dar órdenes simples o generales sin usar acción; puede actuar por sí misma si no recibe más órdenes. Con tu acción, controlas totalmente sus acciones hasta el final de tu siguiente turno y puedes usar su reacción si gastas la tuya. Cada vez que recibe daño, realiza nueva tirada de salvación; si la supera, el conjuro termina. Con espacio de nivel 9 o más, la duración es concentración hasta 8 horas.","1 hora
18 m / 60 f / 12 cas
Acción",274 MdJ*,TRUE,TRUE,FALSE,~,FALSE,FALSE,TRUE,FALSE,FALSE,FALSE,TRUE,FALSE,FALSE,FALSE,FALSE,TdS Sab.,"Bardo, Brujo, Hechicero, Mago"
Dominar persona,Dominate Person,5,La mente se rinde.,"Un humanoide visible dentro del alcance debe superar una tirada de Sabiduría o quedar hechizado; tiene ventaja si tú o aliados luchan contra él y repite la tirada al recibir daño, liberándose si la supera. Mantienes un vínculo telepático mientras estén en el mismo plano y puedes dar órdenes sin usar acción; el objetivo hace todo lo posible por obedecer y, si no recibe más instrucciones, actúa para protegerse. Puedes usar su reacción si gastas la tuya. Con espacios de conjuro superiores, la duración de concentración aumenta: nivel 6 hasta 10 min, nivel 7 hasta 1 h, nivel 8 o más hasta 8 h.","1 min
18 m / 60 f / 12 cas
Acción",274 MdJ*,TRUE,TRUE,FALSE,~,FALSE,FALSE,TRUE,FALSE,FALSE,FALSE,TRUE,FALSE,FALSE,FALSE,FALSE,TdS Sab.,"Bardo, Hechicero, Mago"
Don de lenguas,Tongues,3,Las palabras cruzan cualquier frontera.,"Este conjuro permite a la criatura que toques comprender cualquier idioma hablado que oiga o lengua de signos que vea. Asimismo, cuando el objetivo se comunica oralmente o mediante signos, cualquier criatura que conozca al menos un idioma podrá entenderlo si lo escucha hablar o lo ve signar.","1 hora
Toque
Acción",274 MdJ,FALSE,TRUE,TRUE,~,FALSE,FALSE,FALSE,FALSE,FALSE,TRUE,FALSE,FALSE,FALSE,FALSE,FALSE,Directo,"Bardo, Clerigo, Brujo, Hechicero, Mago"
Dormir,Sleep,1,El sueño vence al combate.,"Todas las criaturas de tu elección en una esfera de 1,5 m / 5 pies de radio centrada en un punto dentro del alcance deben superar una tirada de salvación de Sabiduría o tendrán el estado de incapacitadas hasta el final de su siguiente turno, momento en el que deberán repetir la tirada de salvación. Si un objetivo falla la segunda tirada, tendrá el estado de inconsciente hasta que termine el conjuro. El conjuro termina sobre un objetivo si recibe daño o si alguien a 1,5 m / 5 pies o menos de él emplea una acción para zarandearlo y poner fin al efecto del conjuro.
Las criaturas que no duermen, como los elfos, o que tengan inmunidad al estado de cansancio superan automáticamente las tiradas de salvación contra este conjuro.","1 min
18 m / 60 f / 12 cas
Acción",274 MdJ,TRUE,TRUE,TRUE,~,FALSE,FALSE,TRUE,FALSE,FALSE,FALSE,TRUE,FALSE,FALSE,FALSE,FALSE,TdS Sab.,"Bardo, Hechicero, Mago"
Duelo forzado,Compelled Duel,1,Dos fuerzas chocan sin tregua.,"Intentas forzar a una criatura a batirse en duelo.
Una criatura que puedas ver dentro del alcance realiza una tirada de salvación de Sabiduría. Si la falla, el objetivo tendrá desventaja en las tiradas de ataque contra criaturas que no seas tú y no podrá moverse voluntariamente a ningún espacio que se encuentre a más de 9 m / 30 pies de ti.
El conjuro termina si haces una tirada de ataque contra una criatura distinta al objetivo, si lanzas un conjuro contra un enemigo distinto a él, si uno de tus aliados hace daño al objetivo o si terminas tu turno a más de 9 m / 30 pies de él.
","1 min
9 m / 30 f / 6 cas
Acción adicional",274 MdJ,FALSE,TRUE,FALSE,~,FALSE,FALSE,TRUE,FALSE,FALSE,FALSE,TRUE,FALSE,FALSE,FALSE,FALSE,TdS Sab.,Paladín
Dulce descanso,Gentle Repose,2,El descanso es sagrado.,"Tocas un cadáver u otro tipo de restos mortales. Hasta que termine el conjuro, el objetivo está protegido de la descomposición y no se puede convertir en un muerto viviente.
El conjuro también amplía el tiempo máximo para resucitar al objetivo, ya que los días que pasa bajo su influencia no cuentan para el límite de tiempo de conjuros como alzar a los muertos.","10 días
Toque
Acción o ritual",275 MdJ,TRUE,TRUE,TRUE,2 pc*,TRUE,TRUE,FALSE,FALSE,FALSE,FALSE,FALSE,FALSE,FALSE,TRUE,FALSE,Directo,"Clerigo, Mago, Paladín"
Elementalismo,Elementalism,Truco,El poder elemental se moldea.,"Controlas los elementos en un área dentro del alcance. Invocar aire crea brisa que mueve telas, hojas y cierra puertas en un Cubo de 1,50 m / 5 pies de lado. Invocar tierra cubre de polvo o arena un Cubo de 1,50 m / 5 pies o dibuja una palabra en tierra o arena. Invocar fuego genera brasas inofensivas y humo perfumado de color elegido en un Cubo de 1,50 m / 5 pies; puede encender velas, antorchas o lámparas; el aroma dura 1 minuto. Invocar agua crea rocío que humedece criaturas y objetos en un Cubo de 1,50 m / 5 pies o 20 cl de agua en un recipiente, que se evapora en 1 minuto. Esculpir elementos permite dar forma rudimentaria a tierra, arena, fuego, humo, niebla o agua en un Cubo de 30 cm / 1 pie durante 1 hora.
","Instant.
9 m / 30 f / 6 cas
Acción",275 MdJ*,TRUE,TRUE,FALSE,~,FALSE,FALSE,FALSE,FALSE,FALSE,FALSE,FALSE,FALSE,FALSE,FALSE,TRUE,Directo,"Druida, Hechicero, Mago"
Embelesar,Enthrall,2,Un encanto difícil de resistir.,"Creas una serie de palabras encantadoras que provocan que una o más criaturas de tu elección a las que puedas ver dentro del alcance deban hacer una tirada de salvación de Sabiduría. Cualquier criatura contra la que luchéis tus aliados o tú superará automáticamente esta tirada. Si la falla, el objetivo sufrirá un penalizador de -10 a las pruebas de Sabiduría (Percepción) y a la Percepción pasiva hasta que el conjuro termine.","1 min
18 m / 60 f / 12 cas
Acción",275 MdJ,TRUE,TRUE,FALSE,~,FALSE,FALSE,TRUE,FALSE,FALSE,FALSE,TRUE,FALSE,FALSE,FALSE,FALSE,TdS Sab.,"Bardo, Brujo"
Encantar animal,Animal Friendship,1,Incluso las bestias escuchan.,"Haces objetivo a una bestia que puedas ver dentro del alcance. El objetivo deberá superar una tirada de salvación de Sabiduría o tendrá el estado de hechizado hasta que termine el conjuro. Si alguno de tus aliados o tú dañáis al objetivo, el conjuro termina. 
Con un espacio de conjuro de nivel superior. Puedes hacer objetivo a una bestia adicional por cada nivel por encima de 1 que tenga el espacio.","24 horas
9 m / 30 f / 6 cas
Acción",275 MdJ,TRUE,TRUE,TRUE,~,FALSE,FALSE,FALSE,FALSE,FALSE,FALSE,TRUE,FALSE,FALSE,FALSE,FALSE,TdS Sab.,"Bardo, Druida, Explorador"
Encontrar el camino,Find the Path,6,Siempre sabes por dónde seguir.,"Percibes mágicamente el camino físico más corto hacia un lugar que nombres. Debes estar familiarizado con él, y el conjuro fallará si nombras un destino en otro plano de existencia, un destino que se mueva (como una fortaleza ambulante) o un destino inespecífico (como `la guarida de un dragón verde`). Hasta que termine el conjuro y mientras estés en el mismo plano de existencia que el destino, sabrás lo lejos que está y en qué dirección se halla. Cuando te topes con una encrucijada mientras vas al destino, identificarás qué camino es el más corto.","1 día
Lanzador
1 min",275 MdJ,TRUE,TRUE,TRUE,100 po,TRUE,FALSE,TRUE,FALSE,FALSE,TRUE,FALSE,FALSE,FALSE,FALSE,FALSE,Directo,"Bardo, Druida, Clerigo"
Encontrar familiar,Find Familiar,1,Un vínculo pequeño pero eterno.,"Obtienes un familiar, un espíritu que adopta la forma de una bestia de tu elección de VD 0 (araña, búho, comadreja, cuervo, gato, halcón, lagarto, etc), que aparece en un espacio sin ocupar dentro del alcance y es celestial, feérico o infernal a tu elección. Actúa independientemente, pero obedece tus órdenes. Mientras esté a 30 m o menos, puedes comunicarte telepáticamente, y como acción adicional puedes ver y oír a través de sus sentidos hasta tu siguiente turno, incluyendo sentidos especiales, y hacer que toque por ti con conjuros de alcance de toque usando su reacción. Es un aliado para ti y tus aliados, tira su propia iniciativa, no puede atacar pero realiza otras acciones normalmente. Si sus puntos de golpe llegan a 0, desaparece y reaparece al volver a lanzar el conjuro; como acción de magia puede retirarse a una dimensión de bolsillo o desaparecer permanentemente, reapareciendo a 9 m o menos de ti. Solo puedes tener un familiar a la vez; lanzar el conjuro de nuevo cambia su forma.
","Instant.
3 m / 10 f / 2 cas
1 hora o ritual",276 MdJ*,TRUE,TRUE,TRUE,10 po*,TRUE,TRUE,FALSE,FALSE,TRUE,FALSE,FALSE,FALSE,FALSE,FALSE,FALSE,Directo,Mago
Engañar,Mislead,5,La mentira se vuelve arte.,"Obtienes el estado de invisible al mismo tiempo que un doble ilusorio de ti aparece en tu sitio. El doble permanece hasta que termine el conjuro, pero la invisibilidad acaba de inmediato después de que hagas una tirada de ataque, causes daño o lances un conjuro. Como acción de magia, puedes hacer que tu doble ilusorio se mueva hasta el doble de tu velocidad y hacer que realice gestos, hable y se comporte del modo que quieras. El doble es intangible e invulnerable. Puedes ver a través de sus ojos y oír con sus oídos como si estuvieras en su ubicación. ","1 hora
Lanzador
Acción",276 MdJ,FALSE,TRUE,FALSE,~,FALSE,FALSE,TRUE,FALSE,FALSE,FALSE,FALSE,FALSE,TRUE,FALSE,FALSE,Directo,"Bardo, Explorador, Hechicero, Mago"
Enlace telepático de Rary,Rary's Telepathic Bond,5,Mentes unidas a distancia.,"Forjas un enlace telepático entre hasta ocho criaturas voluntarias de tu elección dentro del alcance y las vinculas psíquicamente unas con otras hasta que termine el conjuro. Las criaturas que no pueden comunicarse mediante idiomas no se ven afectadas. Hasta que el conjuro termine, los objetivos se pueden comunicar telepáticamente usando el enlace, tanto si comparten idioma como si no. Esta comunicación se puede producir a cualquier distancia, pero no se extiende a otros planos de existencia.","1 hora
9 m / 30 f / 6 cas
Acción o ritual",277 MdJ,TRUE,TRUE,TRUE,~,FALSE,TRUE,FALSE,FALSE,FALSE,TRUE,FALSE,FALSE,FALSE,FALSE,FALSE,Directo,"Bardo, Mago"
Enmarañar,Entangle,1,Apresas a una criatura.,"Unas plantas apresadoras surgen del suelo en un cuadrado de 6 m / 20 pies de lado dentro del alcance. Hasta que termine el conjuro, estas plantas convertirán la zona en terreno difícil y desaparecerán cuando el conjuro termine.
Cada criatura (excepto tú) que esté en la zona cuando lances el conjuro deberá superar una tirada de salvación de Fuerza o tendrá el estado de apresada hasta que el conjuro termine. Una criatura apresada puede emplear una acción para hacer una prueba de Fuerza (Atletismo) contra tu CD de salvación de conjuros. Si la supera, se liberará de las plantas y dejará de estar apresada por ellas.
","1 min
27 m / 90 f / 18 cas
Acción",277 MdJ,TRUE,TRUE,FALSE,~,FALSE,FALSE,TRUE,FALSE,TRUE,FALSE,FALSE,FALSE,FALSE,FALSE,FALSE,Directo,"Druida, Explorador"
Enredadera,Grasping Vine,4,Abrazo vegetal.,"Conjuras una enredadera que brota de una superficie en un espacio sin ocupar que puedas ver dentro del alcance y permanece hasta que el conjuro termine. Haz un ataque de conjuro cuerpo a cuerpo contra una criatura a 9 m / 30 pies o menos de la enredadera. Si acierta, el objetivo sufrirá 4d8 de daño contundente y será arrastrado hasta 9 m / 30 pies hacia la enredadera. Si el objetivo es Enorme o más pequeño, tendrá el estado de agarrado (CD para escapar igual a tu CD de salvación de conjuros). La enredadera solo puede agarrar a una criatura a la vez y puedes hacer que suelte a una criatura con este estado (no requiere acción). Como acción adicional en tus siguientes turnos, puedes repetir el ataque contra una criatura a 9 m / 30 pies o menos de la enredadera.
Con un espacio de conjuro de nivel superior. La cantidad de criaturas que puede agarrar la enredadera aumenta en uno por cada nivel por encima de 4 que tenga el espacio.
","1 min
18 m / 60 f / 12 cas
Acción adicional",277 MdJ,TRUE,TRUE,FALSE,~,FALSE,FALSE,TRUE,FALSE,TRUE,FALSE,FALSE,FALSE,FALSE,FALSE,FALSE,Directo,"Druida, Explorador"
Ensueño,Dream,5,Los sueños llevan mensajes.,"Seleccionas a una criatura conocida en el mismo plano; tú o un voluntario tocas y entran en trance como mensajero del sueño, quedando Incapacitado y con velocidad 0. Si el objetivo está dormido, el mensajero entra en sus sueños y puede conversar y moldear el entorno hasta que termine el conjuro; el objetivo recuerda el sueño al despertar. Si está despierto, el mensajero puede esperar a que duerma o finalizar el conjuro. Puedes asustar al objetivo entregando un mensaje de hasta 10 palabras; si falla tirada de Sabiduría, no obtiene beneficios del descanso y recibe 3d6 de daño psíquico al despertar.","8 horas
Especial
1 min",278 MdJ*,TRUE,TRUE,TRUE,~,FALSE,FALSE,FALSE,FALSE,FALSE,FALSE,FALSE,FALSE,TRUE,FALSE,FALSE,Directo,"Bardo, Brujo, Mago"
Entender idiomas,Comprehend Lengagues,1,Las lenguas dejan de ser barrera.,"Hasta que el conjuro termine, entiendes el significado literal de las palabras que escuches o veas signadas en cualquier idioma.
También comprendes todas las palabras escritas que ves, independientemente del idioma en el que estén, pero debes tocar la superficie en la que estén inscritas.
Tardas aproximadamente 1 minuto en leer una página. Este conjuro no descifra mensajes secretos ni símbolos.","1 hora
Lanzador
Acción o ritual",278 MdJ,TRUE,TRUE,TRUE,~,FALSE,TRUE,FALSE,FALSE,FALSE,TRUE,FALSE,FALSE,FALSE,FALSE,FALSE,Directo,"Bardo, Brujo, Hechicero, Mago"
Escudo,Shield,1,Un muro invisible.,"Una barrera imperceptible de fuerza mágica te protege. Hasta el inicio de tu siguiente turno, obtienes un bonificador de +5 a la CA, incluso frente al ataque al que reaccionas, y no recibes ningún daño del conjuro Proyectil Mágico.
","1 asalto
Lanzador
Reacción, cuando te acierta
una tirada de ataque",278 MdJ,TRUE,TRUE,FALSE,~,FALSE,FALSE,FALSE,TRUE,FALSE,FALSE,FALSE,FALSE,FALSE,FALSE,FALSE,Directo,"Hechicero, Mago"
Escudo de fe,Shield of Faith,1,La fe como escudo,Un campo titilante envuelve a una criatura de tu elección dentro del alcance y le otorga un bonificador de +2 a la CA hasta que el conjuro termine.,"10 min
18 m / 60 f / 12 cas
Acción adicional",278 MdJ,TRUE,TRUE,TRUE,~,FALSE,FALSE,TRUE,TRUE,FALSE,FALSE,FALSE,FALSE,FALSE,FALSE,FALSE,Directo,"Clerigo, Paladín"
Escudo de fuego,Fire Shield,4,Fuego que protege.,"A unas llamas tenues envuelven tu cuerpo hasta que termine el conjuro y emiten luz brillante en un radio de 3 m / 10 pies y luz tenue 3 m / 10 pies más allá.
Las llamas te proporcionan un escudo cálido o un escudo frío, a tu elección. El escudo cálido te proporciona resistencia al daño de frío, mientras que el escudo frío te concede resistencia al daño de fuego.
Además, siempre que una criatura a 1,5 m / 5 pies o menos de ti te acierte con una tirada de ataque cuerpo a cuerpo, el escudo estallará en llamas. El atacante recibirá 2d8 de daño de fuego de un escudo cálido o 2d8 de daño de frío de un escudo frío.
","10 min
Lanzador
Acción",278 MdJ,TRUE,TRUE,TRUE,~,FALSE,FALSE,FALSE,FALSE,FALSE,FALSE,FALSE,TRUE,FALSE,FALSE,FALSE,Directo,"Druida, Hechicero, Mago"
Escudriñar,Scrying,5,Mirar donde no te llaman.,"Puedes ver y oír a una criatura en tu plano; el objetivo hace tirada de Sabiduría modificada según tu conocimiento y conexión física: +5 si solo has oído hablar, +0 si lo conoces, −-5 si lo conoces bien; −-2 con retrato, −-4 con prenda, −-10 con parte de su cuerpo. Si falla, creas un sensor invisible e intangible a 3 m del objetivo, que se mueve con él; percibes a través del sensor como si estuvieras allí. Si el objetivo ve el sensor, lo percibe como un orbe del tamaño de tu puño. Puedes apuntar a una ubicación conocida en lugar de a una criatura; el sensor permanece fijo.","10 min
Lanzador
10 min",278 MdJ*,TRUE,TRUE,TRUE,1000 po,TRUE,FALSE,TRUE,FALSE,FALSE,TRUE,FALSE,FALSE,FALSE,FALSE,FALSE,TdS Sab.,"Bardo, Druida, Clerigo, Brujo, Mago"
Esfera congelante de Otiluke,Otiluke's Freezing Sphere,6,Frío contenido al límite.,"Creas un globo glacial que golpea un punto dentro del alcance y explota en una esfera de 18 m / 60 pies de radio; las criaturas en el área hacen tirada de salvación de Constitución, recibiendo 10d6 daño de frío si fallan o la mitad si tienen éxito. Si impacta sobre agua, congela hasta 15 cm en un área de 9 m / 30 pies de lado durante 1 minuto; criaturas nadando allí quedan apresadas y pueden usar una acción para hacer prueba de Fuerza (Atletismo) contra tu CD de conjuro para liberarse. Puedes no lanzar el globo al final del conjuro y obtener un orbe frío que tú o un aliado podéis lanzar con la mano (alcance 12 m / 39 pies) o con honda (alcance normal), explotando y causando el mismo efecto; si lo dejas en el suelo, explota tras 1 minuto. Con espacio de conjuro superior a 6, el daño aumenta 1d6 por nivel adicional.
","Instant.
90 m / 300 f / 60 cas
Acción",279 MdJ*,TRUE,TRUE,TRUE,~,FALSE,FALSE,FALSE,FALSE,FALSE,FALSE,FALSE,TRUE,FALSE,FALSE,FALSE,TdS Con.,"Hechicero, Mago"
Esfera de llamas,Flaming Sphere,2,Fuego en movimiento.,"Creas una esfera de fuego de 1,50 m / 5 pies de diámetro en un espacio desocupado dentro del alcance, que dura mientras dure el conjuro. Cualquier criatura que termine su turno a 1,50 m / 5 pies de la esfera hace una tirada de salvación de Destreza; falla recibe 2d6 de daño de fuego, éxito la mitad.
Como acción adicional, puedes mover la esfera hasta 9 m / 30 pies por el suelo; si entra en un espacio ocupado, la criatura afectada hace la tirada y la esfera deja de moverse. La esfera puede superar barreras de hasta 1,50 m / 5 pies y fosos de hasta 3 m / 10 pies de ancho. Objetos inflamables no portados arden al contacto y emiten luz brillante 6 m / 20 pies y luz tenue otros 6 m / 20 pies.
Con nivel de espacio superior a 2, el daño aumenta 1d6 por nivel.
","1 min
18 m / 60 f / 12 cas
Acción",280 MdJ*,TRUE,TRUE,TRUE,~,FALSE,FALSE,TRUE,FALSE,TRUE,FALSE,FALSE,FALSE,FALSE,FALSE,FALSE,Directo,"Druida, Hechicero, Mago"
Esfera elástica de Otiluke,Otiluke's Resilient Sphere,4,Nada entra ni sale sin rebotar.,"Creas una esfera destellante que encierra a una criatura u objeto Grande o menor dentro del alcance; las criaturas no voluntarias hacen tirada de salvación de Destreza o quedan atrapadas hasta que termine el conjuro. Nada puede atravesar la barrera en ninguna dirección, pero la criatura dentro puede respirar. La esfera es inmune a todo daño y lo que hay dentro no puede sufrir ni causar daño al exterior. La esfera no pesa nada y tiene tamaño justo para su contenido. Una criatura dentro puede usar una acción para empujar la esfera y moverla hasta la mitad de su velocidad; otras criaturas también pueden moverla. Un conjuro desintegrar destruye la esfera sin dañar lo que contiene.

","1 min
9 m / 30 f / 6 cas
Acción",280 MdJ*,TRUE,TRUE,TRUE,~,FALSE,FALSE,TRUE,TRUE,FALSE,FALSE,FALSE,FALSE,FALSE,FALSE,FALSE,TdS Des.,Mago
Esfera vitriólica,Vitriolic Sphere,4,Ácido que corroe.,"Señalas un lugar dentro del alcance y una bola resplandeciente de ácido de 30 cm de diámetro vuela hacia el punto escogido y explota en una esfera de 6 m / 20 pies de radio. Todas las criaturas situadas en esa zona realizan una tirada de salvación de Destreza. Si la fallan, recibirán 10d4 de daño de ácido y otros 5d4 de daño de ácido al final de su siguiente turno. Si la superan, solo sufren la mitad del daño inicial.
Con un espacio de conjuro de nivel superior. El daño inicial aumenta en 2d4 por cada nivel por encima de 4 que tenga el espacio.
","Instant.
45 m / 150 f / 30 cas
Acción",281 MdJ,TRUE,TRUE,TRUE,~,FALSE,FALSE,FALSE,FALSE,FALSE,FALSE,FALSE,TRUE,FALSE,FALSE,FALSE,TdS Des.,"Hechicero, Mago"
Espada de Mordenkainen,Mordenkainen's Sword,7,Una hoja de pura fuerza.,"Creas una espada espectral que levitará dentro del alcance y durará hasta que termine el conjuro. Cuando aparezca la espada, puedes realizar un ataque de conjuro cuerpo a cuerpo contra un objetivo que se encuentre a 1,5 m / 5 pies o menos de ella. Si acierta, el objetivo recibe una cantidad de daño de fuerza igual a 4d12 más tu modificador por aptitud mágica.
En tus turnos posteriores, puedes emplear una acción adicional para mover la espada hasta 9 m / 30 pies a un lugar que puedas ver y repetir el ataque contra el mismo objetivo u otro distinto."," 1 min
27 m / 90 f / 18 cas
Acción",281 MdJ,TRUE,TRUE,TRUE,250 po,TRUE,FALSE,TRUE,FALSE,FALSE,FALSE,FALSE,TRUE,FALSE,FALSE,FALSE,D20+ata.CaC,"Bardo, Mago"
Espejismo arcano,Mirage Arcane,7,La realidad se disfraza.,"Haces que un terreno de hasta una 1 km / 0,62 millas cuadrados parezca, suene, huela o se sienta como otro tipo de terreno sin cambiar su forma general. Puedes alterar campos, caminos, estanques, precipicios o barrancos y modificar estructuras, pero no ocultas ni añades criaturas. La ilusión incluye elementos visuales, audibles, táctiles y olfatorios, pudiendo crear terreno difícil o facilitar el movimiento; cualquier elemento que salga del área desaparece. Criaturas con vista verdadera ven el terreno real, aunque la ilusión sigue presente y puede interactuarse físicamente.","10 días
Vista
10 min",281 MdJ*,TRUE,TRUE,FALSE,~,FALSE,FALSE,FALSE,FALSE,FALSE,FALSE,FALSE,FALSE,TRUE,FALSE,FALSE,Directo,"Bardo, Druida, Mago"
Espíritus guardianes,Spirit Guardians,3,Espíritus que protegen.,"Unos espíritus protectores revolotean a tu alrededor en una emanación de 4,5 m / 15 pies hasta que el conjuro termine. Si tu alineamiento es bueno o neutral, su forma espectral parece angelical o feérica (a tu elección). Si es malvado, su forma es infernal. Cuando lanzas este conjuro, puedes elegir criaturas para que no les afecte. La velocidad de las demás criaturas se reducirá a la mitad en la emanación.
Cuando esta entre en el espacio de una criatura o cuando una criatura entre en la emanación o termine su turno en ella, la criatura deberá hacer una tirada de salvación de Sabiduría. Si la falla, recibirá 3d8 de daño radiante (si tu alineamiento es bueno o neutral) o 3d8 de daño necrótico (si tu alineamiento es malvado). Si la supera, recibirá la mitad de daño. Una criatura solo hace esta tirada una vez por turno.
Con un espacio de conjuro de nivel superior. El daño aumenta en 1d8 por cada nivel por encima de 3 que tenga el espacio.
","10 min
Lanzador
Acción",281 MdJ,TRUE,TRUE,TRUE,~,FALSE,FALSE,TRUE,FALSE,TRUE,FALSE,FALSE,FALSE,FALSE,FALSE,FALSE,Directo,Clerigo
Estallido mágico,Sorcerous Burst,Truco,Energía fuera de control.,"Lanzas energía mágica contra una criatura u objeto dentro del alcance. Haz un ataque de conjuro a distancia contra el objetivo. Si acierta, el objetivo recibe 1d8 de daño del tipo que elijas: ácido, frío, fuego, psíquico, relámpago, trueno o veneno.
Si sacas un 8 en un d8 con este conjuro, puedes tirar otro d8 y sumarlo al daño. Cuando lances este conjuro, la cantidad máxima de d8 que puedes sumar al daño del conjuro es igual a tu modificador por aptitud mágica.
Mejora de truco. El daño aumenta en 1d8 cuando alcanzas los niveles 5 (2d8), 11 (3d8) y 17 (4d8).
","Instant.
36 m / 120 f / 24 cas
Acción",281 MdJ,TRUE,TRUE,FALSE,~,FALSE,FALSE,FALSE,FALSE,FALSE,FALSE,FALSE,TRUE,FALSE,FALSE,FALSE,D20+ata.conj.,Hechicero
Estática sináptica,Synaptic Static,5,El pensamiento se rompe.,"Una energía psíquica surge de ti hacia un punto dentro del alcance. Todas las criaturas situadas en una esfera de 6 m / 20 pies de radio centrada en ese punto hacen una tirada desalvación de Inteligencia; sufrirán 8d6 de daño psíquico si la fallan o la mitad del daño si la superan.
Si la falla, un objetivo también tendrá la mente nublada durante 1 minuto. Durante ese tiempo, restará 1d6 a todas sus tiradas de ataque y pruebas de característica, así como a cualquier tirada de salvación de Constitución para mantener la concentración. El objetivo hará una tirada de salvación de Inteligencia al final de cada uno de sus turnos y, si tiene éxito, se librará del efecto.","Instant.
36 m / 120 f / 24 cas
Acción",282 MdJ,TRUE,TRUE,FALSE,~,FALSE,FALSE,FALSE,FALSE,FALSE,FALSE,TRUE,FALSE,FALSE,FALSE,FALSE,TdS Int.,"Bardo, Brujo, Hechicero, Mago"
Excursión etérea,Etherealness,7,Cruzar lo intangible.,"Entras en la frontera del Plano Etéreo mientras dure el conjuro o hasta que lo disipes. Puedes moverte en cualquier dirección, gastando un pie adicional por cada pie hacia arriba o abajo. Ves y oyes tu plano de origen en gris hasta 18 m / 60 pies. Solo puedes afectar o ser afectado por criaturas del Plano Etéreo; ignoras objetos y efectos del plano original, moviéndote a través de ellos. Al terminar, vuelves inmediatamente; si ocupas espacio de un objeto o criatura, te desplazas al espacio más cercano y recibes daño por fuerza igual al doble de pies movidos. No funciona si estás en el Plano Etéreo o en un plano sin frontera con él. Con espacios de nivel 8 o más, puedes incluir tres criaturas voluntarias por cada nivel por encima de 7 a 3 m / 10 pies de ti.","Hasta 8 horas
Lanzador
Acción",282 MdJ*,TRUE,TRUE,FALSE,~,FALSE,FALSE,FALSE,FALSE,TRUE,FALSE,FALSE,FALSE,FALSE,FALSE,FALSE,Directo,"Bardo, Clerigo, Brujo, Hechicero, Mago"
Explosion solar,Sunburst,8,Un sol que todo lo quema.,"Una esfera de 18 m / 60 pies de radio centrada en un punto de tu elección dentro del alcance resplandece con una brillante luz solar. Todas las criaturas situadas en la esfera hacen una tirada de salvación de Constitución. Si la fallan, recibirán 12d6 daño radiante y tendrán el estado de cegadas durante 1 minuto. Si la superan, recibirán solo la mitad de daño.
Una criatura cegada por este conjuro realiza una tirada de salvación de Constitución al final de cada uno de sus turnos y, si tiene éxito, se librará del efecto.
Este conjuro dispersa la oscuridad que haya en la zona y que fuera creada por un conjuro.
","Instant.
45 m / 150 f / 30 cas
Acción",282 MdJ,TRUE,TRUE,TRUE,~,FALSE,FALSE,FALSE,FALSE,FALSE,FALSE,FALSE,TRUE,FALSE,FALSE,FALSE,TdS Con.,"Druida, Clerigo, Hechicero, Mago"
Fabricar,Fabricate,4,La materia toma forma con tus manos.,"Conviertes materias primas en productos del mismo material. Por ejemplo, puedes fabricar un puente de madera a partir de unos árboles, una cuerda con un trozo de cáñamo o prendas usando lino o lana. Elige materias primas que puedas ver dentro del alcance. Puedes fabricar un objeto Grande o más pequeño (que quepa en un cubo de 3 m / 10 pies de lado u ocho cubos conectados de 1,5 m / 5 pies de lado), siempre y cuando tengas suficiente material. Sin embargo, si trabajas con metal, piedra u otra sustancia mineral, el objeto fabricado no puede ser mayor que Mediano (y debe caber en un cubo de 1,5 m / 5 pies de lado). La calidad de los objetos fabricados depende de la calidad de los materiales. No se pueden crear criaturas ni objetos mágicos con este conjuro, y tampoco puedes usarlo para crear objetos que requieran un alto grado de habilidad, como armas o armaduras, a menos que tengas competencia en el tipo de herramientas de artesano usadas para elaborar esos objetos.
","Instant.
36 m / 120 f / 24 cas
10 min",282 MdJ,TRUE,TRUE,FALSE,~,FALSE,FALSE,FALSE,FALSE,FALSE,FALSE,FALSE,FALSE,FALSE,FALSE,TRUE,Directo,Mago
Falsa vida,False Life,1,"Un cuerpo que parece mas vivo.
","Obtienes 2d4 + 4 puntos de golpe temporales.
Con un espacio de conjuro de nivel superior. Obtienes 5 puntos de golpe temporales adicionales por cada nivel por encima de 1 que tenga el espacio.","Instant.
Lanzador
Acción",282 MdJ,TRUE,TRUE,TRUE,~,FALSE,FALSE,FALSE,FALSE,FALSE,FALSE,FALSE,FALSE,FALSE,TRUE,FALSE,Directo,"Hechicero, Mago"
Favor divino,Divine Favor,1,La suerte sonríe a tu causa.,"Hasta que el conjuro termine, tus ataques con armas infligen 1d4 de daño radiante adicional si aciertan.","1 min
Lanzador
Acción adicional",283 MdJ,TRUE,TRUE,FALSE,~,FALSE,FALSE,FALSE,FALSE,FALSE,FALSE,FALSE,FALSE,FALSE,FALSE,TRUE,Directo,Paladín
Festín de héroes,Heroes' Fest,6,Un banquete digno de leyendas.,"Conjuras un festín que aparece sobre una superficie en un cubo de 3 m / 10 pies de lado sin ocupar junto a ti. Se tarda1 hora en consumirlo, desaparece al final de ese tiempo y sus efectos beneficiosos no se aplican hasta que concluye dicha hora. En el festín pueden participar hasta doce criaturas. 
Una criatura que participe obtiene varios beneficios que durarán 24 horas. Esa criatura tendrá resistencia al daño de veneno e inmunidad a los estados de asustada y envenenada. Además, sus puntos de golpe máximos aumentan en 2d10 y recupera la misma cantidad de puntos de golpe.","Instant.
Lanzador
10 min",283 MdJ,TRUE,TRUE,TRUE,1000 po*,TRUE,FALSE,FALSE,FALSE,TRUE,FALSE,FALSE,FALSE,FALSE,FALSE,FALSE,Directo,"Bardo, Druida, Clerigo"
Fingir muerte,Feign Death,3,La muerte finge obedecer.,"Tocas a una criatura voluntaria y la sumes en un estado cataléptico que no se puede distinguir de la muerte.
Hasta que termine el conjuro, la criatura parecerá muerta ante cualquier inspección externa o conjuro que intente averiguar su estado.
El objetivo tendrá los estados de cegado e incapacitado y su velocidad será 0. El objetivo también tendrá resistencia a todo el daño excepto el psíquico e inmunidad al estado de envenenado.","1 hora
Toque
Acción o ritual",283 MdJ,TRUE,TRUE,TRUE,~,FALSE,TRUE,FALSE,FALSE,FALSE,FALSE,FALSE,FALSE,FALSE,TRUE,FALSE,Directo,"Bardo, Druida, Clerigo, Mago"
Flecha acida de Melf,Melf's Acid Arrow,2,El ácido encuentra su objetivo.,"Una brillante flecha verde sale disparada hacia un objetivo dentro del alcance y estalla en una lluvia de ácido. Haz un ataque de conjuro a distancia contra el objetivo. Si acierta, el objetivo recibe 4d4 de daño de ácido y 2d4 de daño de ácido al final de su siguiente turno. Si falla, la flecha salpica al objetivo con ácido y solo le causa la mitad del daño inicial.
Con un espacio de conjuro de nivel superior. El daño (tanto el inicial como el posterior) aumenta en 1d4 por cada nivel por encima de 2 que tenga el espacio.
","Instant.
27 m / 90 f / 18 cas
Acción",284 MdJ,TRUE,TRUE,TRUE,~,FALSE,FALSE,FALSE,FALSE,FALSE,FALSE,FALSE,TRUE,FALSE,FALSE,FALSE,D20+ata.conj.,Mago
Flecha de relámpago,Lightning Arrow,3,Daño de rayo.,"Cuando tu ataque contra el objetivo acierte o falle, el arma o la munición que usas se transforma en un relámpago. En vez de sufrir daño u otros efectos del ataque, el objetivo recibe 4d8 de daño de relámpago si el ataque acierta o la mitad de daño si falla. Todas las criaturas a 3 m / 10 pies o menos del objetivo harán después una tirada de salvación de Destreza; sufrirán 2d8 de daño de relámpago si la fallan o la mitad del daño si la superan. Luego, el arma o la munición vuelve a la normalidad.
Con un espacio de conjuro de nivel superior. El daño de los dos efectos del conjuro aumenta en 1d8 por cada nivel por encima de 3 que tenga el espacio.
","Instant.
Lanzador
Acción adicional, tras realizar un ataque a distancia
",284 MdJ,TRUE,TRUE,FALSE,~,FALSE,FALSE,FALSE,FALSE,FALSE,FALSE,FALSE,FALSE,FALSE,FALSE,TRUE,TdS Des.,Explorador
Forma gaseosa,Gaseous Form,3,El cuerpo se vuelve niebla.,"Tocas a una criatura voluntaria y, junto con todo lo que lleva, adopta forma de nube brumosa durante la duración; el conjuro termina si sus PG llegan a 0 o si usa una acción mágica para finalizarlo. En esta forma solo se mueve volando a 3 m / 10 pies y puede levitar, puede ocupar el espacio de otras criaturas, tiene resistencia al daño contundente, perforante y cortante, inmunidad a Derribado y ventaja en Tiradas de Salvación de Fuerza, Destreza y Constitución; puede atravesar aberturas estrechas, pero trata los líquidos como superficies sólidas. No puede hablar, manipular objetos, soltar ni usar lo que llevaba, ni atacar ni lanzar conjuros. A niveles superiores, eliges una criatura adicional por cada nivel de espacio por encima de 3.
","1 hora
Toque
Acción",284 MdJ*,TRUE,TRUE,TRUE,~,FALSE,FALSE,TRUE,FALSE,FALSE,FALSE,FALSE,FALSE,FALSE,FALSE,TRUE,Directo,"Brujo, Hechicero, Mago"
Fragmento mental,Mind Silver,Truco,Un fragmento que duele.,"Intentas fragmentar de forma temporal la mente de una criatura que puedas ver dentro del alcance. El objetivo deberá superar una tirada de salvación de Inteligencia o recibirá 1d6 de daño psíquico y restará 1d4 en la siguiente tirada de salvación que haga antes del final de tu siguiente turno.
Mejora de truco. El daño aumenta en 1d6 cuando alcanzas los niveles 5 (2d6), 11 (3d6) y 17 (4d6).","1 asalto
18 m / 60 f / 12 cas
Acción",285 MdJ,FALSE,TRUE,FALSE,~,FALSE,FALSE,FALSE,FALSE,FALSE,FALSE,TRUE,FALSE,FALSE,FALSE,FALSE,TdS Int.,"Brujo, Hechicero, Mago"
Fuego feérico,Faerie Fire,1,Un brillo que delata.,"El conjuro ilumina con luz azul, verde o violeta, a tu elección, el contorno de los objetos en un cubo de 6 m / 20 pies de lado dentro del alcance. También se ilumina el contorno de cualquier criatura dentro del cubo que falle una tirada de salvación de Destreza. Hasta que termine el conjuro, los objetos y criaturas afectados emitirán luz tenue en un radio de 3 m / 10 pies y no podrán beneficiarse del estado de invisibles.
Las tiradas de ataque contra las criaturas u objetos afectados tendrán ventaja si el atacante puede verlos.","Hasta 1 min
18 m / 60 f / 12 cas
Acción",285 MdJ,FALSE,TRUE,FALSE,~,FALSE,FALSE,TRUE,FALSE,FALSE,FALSE,FALSE,TRUE,FALSE,FALSE,FALSE,Directo,"Bardo, Druida"
Fuente de la luz lunar,Fount of Moonlight,4,La luna bendice y castiga.,"Mientras dure el efecto, una luz fría envuelve tu cuerpo y emite luz brillante en un radio de 6 m / 20 pies y luz tenue 6 m / 20 pies más allá.Hasta que el conjuro termine, tienes resistencia al daño radiante y tus ataques cuerpo a cuerpo causarán 2d6 dedaño radiante adicional cuando acierten. Además, inmediatamente después de recibir daño de una criatura que puedas ver a 18 m / 60 pies o menos de ti, puedes usar una reacción para obligar a la criatura a hacer una  tirada de salvación de Constitución. Si la falla, tendrá el estado de cegada hasta el final de tu siguiente turno.","Hasta 10 min
Lanzador
Acción",285 MdJ,TRUE,TRUE,FALSE,~,FALSE,FALSE,TRUE,FALSE,FALSE,FALSE,FALSE,TRUE,FALSE,FALSE,FALSE,Directo,"Bardo, Druida"
Fuerza fantasmal,Phantasmal Force,2,El miedo toma forma.,"Creas una ilusión en la mente de una criatura visible; el objetivo hace tirada de Inteligencia. Si falla, percibe un objeto, criatura u otro fenómeno fantasmal de hasta 3 m de lado, incluyendo sonido, temperatura y otros estímulos, solo para él. Puede usar acción de estudiar con prueba de Inteligencia (Investigación) contra tu CD de salvación para darse cuenta de que es ilusión y terminar el conjuro. El objetivo trata el fantasma como real, justificando resultados ilógicos y puede recibir daño si la ilusión representa un peligro; en tus turnos, el fantasma inflige 2d8 psíquico a objetivos en su área o a 1,50 m, percibiendo el daño como apropiado a la ilusión.","Hasta 1 min
18 m / 60 f / 12 cas
Acción",285 MdJ*,TRUE,TRUE,TRUE,~,FALSE,FALSE,TRUE,FALSE,FALSE,FALSE,FALSE,FALSE,TRUE,FALSE,FALSE,TdS Int.,"Bardo, Hechicero, Mago"
Fundirse con la piedra,Meld into Stone,3,Te escondes en la piedra.,"Te fundes con un objeto o superficie de piedra lo bastante grande como para contenerte a ti y tu equipo al tocarla, volviéndote indetectable por cualquier medio que no sea mágico hasta que termine el conjuro. No puedes ver fuera y tienes desventaja en pruebas de Sabiduría (Percepción) para escuchar sonidos externos, aunque eres consciente del tiempo y puedes lanzar conjuros sobre ti. Usas 1,5 m / 5 pies de movimiento para salir por el punto de entrada, terminando el conjuro; no puedes moverte de otro modo. Daño menor a la piedra no te afecta, pero su destrucción parcial o cambio de forma te expulsa y causa 6d6 de daño de fuerza. Destrucción total o transmutación te expulsa e inflige 50 de daño de fuerza; apareces en el espacio sin ocupar más cercano y quedas derribado.
","8 horas
Toque
Acción o ritual",286 MdJ*,TRUE,TRUE,FALSE,~,FALSE,TRUE,FALSE,FALSE,FALSE,FALSE,FALSE,FALSE,FALSE,FALSE,TRUE,Directo,"Druida, Clerigo, Explorador"
Geas,Geas,5,Una orden que no caduca.,"Das una orden verbal a una criatura visible; debe superar tirada de Sabiduría o quedar hechizada hasta que termine el conjuro; falla automáticamente si no entiende la orden. Mientras esté hechizada, recibe 5d10 de daño psíquico si actúa directamente contra tu orden, máximo una vez al día. No puedes ordenar acciones que causen muerte segura; si lo haces, el conjuro termina. Los conjuros levantar maldición, restablecimiento mayor o deseo finalizan este conjuro. Con espacios de nivel 7 u 8, dura 365 días; con nivel 9, dura hasta que uno de los conjuros mencionados lo termine.
","30 días
18 m / 60 f / 12 cas
1 min",286 MdJ*,FALSE,TRUE,FALSE,~,FALSE,FALSE,FALSE,FALSE,FALSE,FALSE,TRUE,FALSE,FALSE,FALSE,FALSE,TdS Sab.,"Bardo, Druida, Clerigo, Mago, Paladín"
Glifo custodio,Glyph of Warding,3,Una trampa grabada en magia.,"Inscribes un glifo en una superficie u objeto cerrado de hasta 3 m / 10 pies de diámetro; si se mueve más de 3 m / 10 pies, se rompe y el conjuro termina. El glifo es difícil de percibir; se necesita prueba de Sabiduría (Percepción) contra tu CD de salvación. Estableces su activador, que puede ser tocar, pisar, abrir o acercarse, y puedes limitarlo a ciertos tipos de criaturas o condiciones. Runa explosiva: al activarse, erupciona en esfera de 6 m; cada criatura hace tirada de Destreza y recibe 5d8 de ácido, frío, fuego, relámpago o trueno (mitad al superar). Glifo de conjuro: almacena un conjuro de nivel 3 o inferior; al activarse, se lanza contra la criatura que activó el glifo. Con espacios de nivel superiores, el daño de runa explosiva aumenta 1d8 por nivel sobre 3, y los glifos de conjuro pueden almacenar conjuros hasta el nivel del espacio usado.","Disipado/Activado
Toque
1 hora",286 MdJ*,TRUE,TRUE,TRUE,200 po*,TRUE,FALSE,FALSE,TRUE,FALSE,FALSE,FALSE,FALSE,FALSE,FALSE,FALSE,Directo,"Bardo, Clerigo, Mago"
Globo de invulnerabilidad,Globe of Invulnerability,6,Nada puede tocarte.,"Una barrera inmóvil y brillante surge en una emanación de 3 m / 10 pies alrededor de ti y permanece hasta que el conjuro termine.
Cualquier conjuro de nivel 5 o inferior que se lance desde fuera de la barrera no puede afectar a nada dentro de ella. Tales conjuros pueden hacer objetivo a criaturas y objetos que estén dentro de la barrera, pero no tendrán ningún efecto sobre ellos. De forma similar, el interior de la barrera estará excluido de las áreas de efecto creadas por dichos conjuros.
Con un espacio de conjuro de nivel superior. La barrera bloquea los conjuros de un nivel más por cada nivel por encima de 6 que tenga el espacio.
","Hasta 1 min
Lanzador
Acción",286 MdJ,TRUE,TRUE,TRUE,~,FALSE,FALSE,TRUE,TRUE,FALSE,FALSE,FALSE,FALSE,FALSE,FALSE,FALSE,Directo,"Hechicero, Mago"
Golpe apresador,Ensnaring Strike,1,Apresas y dañas.,"Al acertar al objetivo, unas enredaderas aparecerán sobre él y deberá hacer una tirada de salvación de Fuerza. Las criaturas Grandes o de mayor tamaño tienen ventaja en esta tirada. Si la falla, tendrá el estado de apresado hasta que el conjuro termine. Si la supera, las enredaderas se marchitan y el conjuro termina.
Mientras esté apresado, el objetivo sufrirá 1d6 de daño perforante al principio de cada uno de sus turnos. El objetivo o una criatura a su alcance puede emplear una acción para hacer una prueba de Fuerza (Atletismo) contra tu CD de salvación de conjuros. Si la supera, el conjuro termina.
Con un espacio de conjuro de nivel superior. El daño aumenta en 1d6 por cada nivel por encima de 1 que tenga el espacio.
","1 min
Lanzador
Acción adicional, tras acertar con arma",287 MdJ,FALSE,TRUE,FALSE,~,FALSE,FALSE,TRUE,FALSE,TRUE,FALSE,FALSE,FALSE,FALSE,FALSE,FALSE,TdS Fuerza,Explorador
Golpe de viento acerado,Steel Wind Strike,5,Teletransportación y ataque multiple,"Blandes el arma utilizada al lanzar el conjuro y luego desapareces para golpear como el viento. Elige hasta cinco criaturas que puedas ver dentro del alcance. Haz un ataque de conjuro cuerpo a cuerpo contra cada objetivo. Si acierta, el objetivo recibe 6d10 de daño de fuerza.
A continuación, te teletransportas a un espacio sin ocupar que puedas ver a 1,5 m / 5 pies de uno de los objetivos.
","Instant.
9 m / 30 f / 6 cas
Acción",287 MdJ,TRUE,FALSE,TRUE,~,FALSE,FALSE,FALSE,FALSE,TRUE,FALSE,FALSE,FALSE,FALSE,FALSE,FALSE,D20+ata.conj.,"Explorador, Mago"
Golpe flamígero,Flame Strike,5,Fuego guiado por lo divino.,"Una columna de fuego brillante ruge desde el cielo. Todas las criaturas en un cilindro de 3 m / 10 pies de radio y 12 m / 40 pies de altura centrado en un punto dentro del alcance realizan una tirada de salvación de Destreza; sufrirán 5d6 de daño de fuego y 5d6 de daño radiante si la fallan o la mitad de daño si la superan.
Con un espacio de conjuro de nivel superior. El daño de fuego y radiante aumentan en 1d6 por cada nivel por encima de 5 que tenga el espacio.
","Instant.
18 m / 60 f / 12 cas
Acción",287 MdJ,TRUE,TRUE,TRUE,~,FALSE,FALSE,FALSE,FALSE,FALSE,FALSE,FALSE,TRUE,FALSE,FALSE,FALSE,TdS Des,Clerigo
Grasa,Grease,1,El suelo se vuelve traicionero.,"Una grasa no inflamable cubre una zona cuadrada del suelo de 3 m / 10 pies de lado centrada en un punto dentro del alcance y que la convierte en terreno difícil hasta que termina el conjuro.
Cuando aparezca la grasa, las criaturas que haya en esa zona deberán superar una tirada de salvación de Destreza o tendrán el estado de derribadas. Una criatura que entre en la zona o termine su turno ahí deberá superar esa tirada de salvación o caerá derribada.
","1 min
18 m / 60 f / 12 cas
Acción",287 MdJ,TRUE,TRUE,TRUE,~,FALSE,FALSE,FALSE,FALSE,TRUE,FALSE,FALSE,FALSE,FALSE,FALSE,FALSE,Directo,"Hechicero, Mago"
Guarda contra la muerte,Death Ward,4,Un último margen contra la muerte.,"Tocas a una criatura y le concedes cierta protección frente a la muerte. La primera vez que los puntos de golpe del objetivo fueran a reducirse a 0 antes de que el conjuro termine, en lugar de eso, se reducen a 1 y el conjuro termina.
Si el conjuro sigue activo cuando el objetivo sufre un efecto que fuera a matarlo al instante sin causarle daño, se niega ese efecto y el conjuro termina.
","8 horas
Toque
Acción",287 MdJ,TRUE,TRUE,FALSE,~,FALSE,FALSE,FALSE,TRUE,FALSE,FALSE,FALSE,FALSE,FALSE,FALSE,FALSE,Directo,"Clerigo, Paladín"
Guardas y guardias,Guards and Wards,6,Nadie entra sin permiso.,"Creas una protección que cubre hasta 250 m2 de espacio en el suelo. La zona protegida puede tener hasta 6 m de altura y le das la forma de una zona cuadrada de 15 m de lado, cien cuadrados contiguos de 1,5 m de lado o veinticinco cuadrados contiguos de 3 m de lado.
Los guardias y las protecciones crean una plétora de efectos diferentes que obstaculizan a los enemigos y evitan intrusiones no deseadas.
Puedes crear una estructura permanentemente protegida y vigilada lanzando este hechizo allí todos los días durante un año.
(Revisar los diferentes efectos en el MdJ).","24 horas
Toque
1 hora",287 MdJ*,TRUE,TRUE,TRUE,10 po,TRUE,FALSE,FALSE,TRUE,FALSE,FALSE,FALSE,FALSE,FALSE,FALSE,FALSE,Directo,"Bardo, Mago"
Guardia de cuchillas,Blade Ward,Truco,Cuchillas danzando en el aire.,"Siempre que una criatura haga una tirada de ataque contra ti antes de que el conjuro termine, el atacante restará 1d4 a esa tirada.","1 min
Lanzador
Acción",288 MdJ,TRUE,TRUE,FALSE,~,FALSE,FALSE,TRUE,TRUE,FALSE,FALSE,FALSE,FALSE,FALSE,FALSE,FALSE,Directo,"Bardo, Brujo, Hechicero, Mago"
Guardián de la fe,Guardian of Faith,4,Un centinela de fe.,"Un guardián espectral Grande aparece en un espacio sin ocupar que puedas ver dentro del alcance y levita sobre él hasta que termine el conjuro. El guardián ocupa ese espacio, es invulnerable y se muestra en una forma adecuada para tu deidad o panteón.
Cualquier enemigo que entre en un espacio a 3 m / 10 pies o menos del guardián por primera vez en un turno o empiece su turno allí hará una tirada de salvación de Destreza; sufrirá 20 de daño radiante si la falla o la mitad de daño si la supera. El guardián se desvanece cuando ha causado un total de 60 de daño.
","8 horas
9 m / 30 f / 6 cas
Acción",289 MdJ,FALSE,TRUE,FALSE,~,FALSE,FALSE,FALSE,FALSE,FALSE,FALSE,FALSE,TRUE,FALSE,FALSE,FALSE,Directo,Clerigo
Guía,Guidance,Truco,Un empujón del destino.,"Tocas a una criatura voluntaria y eliges una habilidad. Hasta que el conjuro termine, la criatura añade 1d4 a una prueba de característica con la habilidad elegida.","1 min
Toque
Acción",289 MdJ,TRUE,TRUE,FALSE,~,FALSE,FALSE,TRUE,FALSE,FALSE,TRUE,FALSE,FALSE,FALSE,FALSE,FALSE,Directo,"Druida, Clerigo"
Hablar con animales,Speak with Animals,1,Los animales responden.,"Hasta que termine el conjuro, podrás comprender y comunicarte verbalmente con bestias, y usar cualquiera de las opciones de la acción de influir con ellas.
La mayoría de las bestias tienen poco que decir sobre temas que no tengan que ver con la supervivencia o la compañía, pero como mínimo, una bestia puede darte información sobre lugares y monstruos cercanos, incluyendo lo que haya percibido en el último día.","8 h.
Toque
Acción",289 MdJ,TRUE,TRUE,FALSE,~,FALSE,TRUE,FALSE,FALSE,FALSE,TRUE,FALSE,FALSE,FALSE,FALSE,FALSE,Directo,
Hablar con las plantas,Speak with Plans,3,Las plantas cuentan secretos.,"Insuflas a las plantas en una emanación de 9 m (30 pies) conciencia y animación limitadas, permitiéndoles comunicarse contigo y seguir órdenes simples. Puedes interrogarlas sobre eventos ocurridos en el área durante el último día, incluyendo criaturas fallecidas, clima y otras circunstancias. Puedes convertir terreno difícil causado por plantas en terreno normal, o terreno normal con plantas en terreno difícil, mientras dure el conjuro. Las plantas no se desarraigan ni se mueven, pero pueden mover ramas, zarcillos y tallos por ti. Si hay criaturas de tipo planta en el área, puedes comunicarte con ellas como si compartieras un idioma.","10 min
Lanzador
Acción",289 MdJ*,TRUE,TRUE,FALSE,~,FALSE,FALSE,FALSE,FALSE,FALSE,FALSE,FALSE,FALSE,FALSE,FALSE,TRUE,Directo,"Bardo, Druida, Explorador"
Hablar con los animales,Speak with Animals,1,Los animales responden.,"Hasta que termine el conjuro, puedes comprender y comunicarte verbalmente con bestias y usar con ellas cualquiera de las opciones de la acción de influir.
La mayoría de bestias tienen poco que decir en cuestiones que no tengan que ver con la supervivencia o la compañía, pero como mínimo podrán proporcionarte información sobre los lugares y monstruos cercanos, incluyendo lo que hayan percibido en el último día.","10 min
Lanzador
Acción o ritual",289 MdJ,TRUE,TRUE,FALSE,~,FALSE,TRUE,FALSE,FALSE,FALSE,TRUE,FALSE,FALSE,FALSE,FALSE,FALSE,Directo,"Bardo, Brujo, Druida, Explorador"
Hablar con los muertos,Speak with Dead,3,Las voces del más allá hablan.,"Concedes apariencia de vida a un cadáver dentro del alcance; debe tener boca y no ser un muerto viviente ni haber sido objetivo de este conjuro en los últimos 10 días. Mientras dure el conjuro, puedes hacer hasta cinco preguntas; el cadáver solo recuerda lo que sabía en vida, incluyendo idiomas, y sus respuestas pueden ser breves, crípticas o repetitivas. No devuelve el alma ni permite aprender nueva información ni especular sobre sucesos futuros.","10 min
3 m / 10 f / 2 cas
Acción",289 MdJ*,TRUE,TRUE,TRUE,~,FALSE,FALSE,FALSE,FALSE,FALSE,FALSE,FALSE,FALSE,FALSE,TRUE,FALSE,Directo,"Bardo, Clerigo, Mago"
Hacer añicos,Shatter,2,Todo estalla en pedazos.,"Un fuerte ruido surge de un punto de tu elección dentro del alcance. Todas las criaturas situadas en una esfera de 3 m / 10 pies de radio centrada en ese punto hacen una tirada desalvación de Constitución; sufrirán 3d8 de daño de trueno si la fallan o la mitad del daño si la superan. Los autómatas tienen desventaja en esta tirada.
Los objetos no mágicos que se encuentren dentro del área del conjuro también recibirán el daño, salvo si los lleva o viste una criatura.
Con un espacio de conjuro de nivel superior. El daño aumenta en 1d8 por cada nivel por encima de 2 que tenga el espacio.","Instant.
18 m / 60 f / 12 cas
Acción",290 MdJ,TRUE,TRUE,TRUE,~,FALSE,FALSE,FALSE,FALSE,FALSE,FALSE,FALSE,TRUE,FALSE,FALSE,FALSE,TdS Con.,"Bardo, Hechicero, Mago"
Hallar corcel,Find Steed,2,Una montura aparece a tu llamado.,"Invocas un corcel sobrenatural en un espacio sin ocupar dentro del alcance, usando el perfil de la criatura elegida y del tipo seleccionado (celestial, feérico o infernal). Si ya tienes un corcel activo, se reemplaza por el nuevo. El corcel puede ser un animal Grande montable como caballo, alce, camello o lobo terrible. En combate, es aliado tuyo y de tus aliados, comparte tu iniciativa y funciona como montura controlada mientras lo montes; si estás incapacitado, actúa justo después de tu turno de forma independiente y te protege. Desaparece si sus puntos de golpe llegan a 0 o si mueres, dejando atrás todo lo que llevaba; puedes invocar el mismo u otro corcel al relanzar el conjuro. Con un espacio de conjuro de nivel superior, ajusta el nivel del conjuro en el perfil del corcel.
","Instant.
9 m / 30 f / 6 cas
Acción",290 MdJ*,TRUE,TRUE,FALSE,~,FALSE,FALSE,FALSE,FALSE,TRUE,FALSE,FALSE,FALSE,FALSE,FALSE,FALSE,Directo,Paladín
Hambre de Hadar,Hunger of Hadar,3,Hambre nacida del vacío.,"Abres un portal al Reino Lejano, una región infestada de horrores ignotos. Aparece una esfera de oscuridad de 6 m / 20 pies de radio centrada en un punto dentro del alcance y que permanece hasta que el conjuro termine. La esfera se considera terreno difícil y está llena de susurros extraños y sonidos de succión, audibles a 9 m / 30 pies de distancia. Ninguna luz mágica u ordinaria puede iluminar la zona, y las criaturas completamente dentro de ella tendrán el estado de cegadas. Cualquier criatura que comience su turno dentro de la zona recibirá 2d6 de daño de frío.
Cualquier criatura que termine su turno dentro deberá superar una tirada de salvación de Destreza o recibirá 2d6 de daño de ácido de unos tentáculos sobrenaturales.
Con un espacio de conjuro de nivel superior. El daño de frío o de ácido (a tu elección) aumenta en 1d6 por cada nivel por encima de 3 que tenga el espacio.
","1 min
45 m / 150 f / 30 cas
Acción",290 MdJ,TRUE,TRUE,TRUE,~,FALSE,FALSE,TRUE,FALSE,TRUE,FALSE,FALSE,FALSE,FALSE,FALSE,FALSE,Directo,Brujo
Hechizar monstruo,Charm Monster,4,Incluso los monstruos pueden caer.,"Una criatura que puedas ver dentro del alcance realiza una tirada de salvación de Sabiduría. La hace con ventaja si está luchando contra ti o tus aliados. Si la falla, tendrá el estado de hechizada hasta que el conjuro termine o hasta que tus aliados o tú le hagáis daño. La criatura hechizada es amistosa contigo, pero cuando el conjuro termine, sabrá que la hechizaste.
Con un espacio de conjuro de nivel superior. Puedes hacer objetivo a una criatura adicional por cada nivel por encima de 4 que tenga el espacio.","1 hora
9 m / 30 f / 6 cas
Acción",291 MdJ,TRUE,TRUE,FALSE,~,FALSE,FALSE,FALSE,FALSE,FALSE,FALSE,TRUE,FALSE,FALSE,FALSE,FALSE,TdS Sab.,"Bardo, Druida, Brujo, Hechicero, Mago"
Hechizar persona,Charm Person,1,Una mente bajo tu influjo.,"Un humanoide que puedas ver dentro del alcance realiza una tirada de salvación de Sabiduría. La tirada tiene Ventaja si tú o tus aliados la combaten. Si falla, el objetivo tendrá el estado de Hechizado hasta que el conjuro termine o hasta que tú o tus aliados le hagan daño. La criatura hechizada es amistosa contigo. Al terminar el conjuro, el objetivo sabe que lo hechizaste.
Con un espacio de conjuro de nivel superior. Puedes seleccionar una criatura adicional por cada nivel de espacio de conjuro superior a 1.","1 hora
9 m / 30 f / 6 cas
Acción",291 MdJ,TRUE,TRUE,FALSE,~,FALSE,FALSE,FALSE,FALSE,FALSE,FALSE,TRUE,FALSE,FALSE,FALSE,FALSE,TdS Sab.,"Bardo, Druida,  Brujo, Hechicero, Mago"
Heroísmo,Heroism,1,El valor se hace magia.,"Insuflas valor a una criatura voluntaria a la que toques. Hasta que el conjuro termine, la criatura es inmune al estado de asustada y obtiene una cantidad de puntos de golpe temporales igual a tu modificador por aptitud mágica al principio de cada uno de sus turnos.
Con un espacio de conjuro de nivel superior. Puedes hacer objetivo a una criatura adicional por cada nivel por encima de 1 que tenga el espacio.","1 min
Toque
Acción",291 MdJ,TRUE,TRUE,FALSE,~,FALSE,FALSE,TRUE,FALSE,FALSE,FALSE,TRUE,FALSE,FALSE,FALSE,FALSE,Directo,"Bardo, Paladín"
Hoja de fuego,Flame Blade,2,El fuego toma forma.,"Haces aparecer una hoja ardiente en tu mano libre que es similar en tamaño y forma a una cimitarra y que durará hasta que termine el conjuro. Si sueltas la hoja, desaparece, pero puedes volver a invocarla como acción adicional.
Como acción de magia, puedes hacer un ataque de conjuro cuerpo a cuerpo con la hoja ardiente. Si acierta, el objetivo sufrirá una cantidad de daño de fuego igual a 3d6 más tu modificador por aptitud mágica.
La hoja llameante emite luz brillante en un radio de 3 m / 10 pies y luz tenue 3 m / 10 pies más allá.
Con un espacio de conjuro de nivel superior. El daño aumenta en 1d6 por cada nivel por encima de 2 que tenga el espacio.
","10 min
Lanzador
Acción adicional",292 MdJ,TRUE,TRUE,TRUE,~,FALSE,FALSE,TRUE,FALSE,FALSE,FALSE,FALSE,TRUE,FALSE,FALSE,FALSE,Directo,"Druida, Hechicero"
Identificar,Identify,1,Descubrir lo oculto.,"Tocas un objeto durante el lanzamiento del conjuro. Si se trata de un objeto mágico de un objeto imbuido de magia, averiguarás sus propiedades y cómo usarlas, si hace falta sintonizarse con él y cuántas cargas tiene, si corresponde. Si hay conjuros activos que afecten al objeto, sabrás cuáles son. Si el objeto se creó mediante un conjuro, averiguarás su nombre.
Si tocas a una criatura en lugar de un objeto, averiguarás qué conjuros activos le afectan en ese momento, si hay alguno.","Instant.
Toque
1 min o un ritual",292 MdJ,TRUE,TRUE,TRUE,100 po,TRUE,TRUE,FALSE,FALSE,FALSE,TRUE,FALSE,FALSE,FALSE,FALSE,FALSE,Directo,"Bardo, Mago"
Ilusión menor,Minor Illusion,Truco,Un truco sencillo.,"Creas un sonido o la imagen de un objeto dentro del alcance mientras dure el conjuro; lanzar el conjuro de nuevo termina la ilusión. Una criatura que use acción de estudiar puede detectar la ilusión con prueba de Inteligencia (Investigación) contra tu CD; si lo hace, la ilusión desaparece para ella. Sonido: volumen de susurro a grito, puede imitar voces, rugidos, tambores u otros sonidos; puede ser continuo o discreto. Imagen: objeto de hasta 1,5 m  / 5 pies de lado; no produce sonido, luz, olor ni otros efectos; interacción física revela que es ilusión.","1 min
9 m / 30 f / 6 cas
Acción",292 MdJ*,TRUE,FALSE,TRUE,~,FALSE,FALSE,FALSE,FALSE,FALSE,FALSE,FALSE,FALSE,TRUE,FALSE,FALSE,Directo,"Bardo, Brujo, Hechicero, Mago"
Ilusión programada,Programmed Illusion,6,Una ilusión que espera su momento.,"Creas una ilusión de objeto, criatura u otro fenómeno visible dentro del alcance que se activa con una condición específica. La ilusión no debe superar un cubo de 9 m / 30 pies de lado y puede moverse y emitir sonidos según lo programes; la actuación dura hasta 5 min. Al cumplirse la condición, la ilusión aparece, actúa y luego desaparece, permaneciendo inactiva 10 min antes de poder reactivarse. La condición debe basarse en estímulos visuales o audibles a 9 m / 30 pies o menos. Interacción física revela que es ilusión; una criatura puede detectar la ilusión con acción de estudiar y prueba de Inteligencia (Investigación) contra tu CD, viéndola como vacía y con sonidos huecos.","Hasta que sea disipado
36 m / 120 f / 24 cas
Acción",292 MdJ*,TRUE,TRUE,TRUE,25 po,TRUE,FALSE,FALSE,FALSE,FALSE,FALSE,FALSE,FALSE,TRUE,FALSE,FALSE,Directo,"Bardo, Mago"
Imagen mayor,Major Image,3,Una escena imposible.,"Creas la imagen de un objeto, criatura u otro fenómeno visible de hasta 6 m / 20 pies de lado en un punto que puedas ver dentro del alcance; dura mientras dure el conjuro. Parece real, incluyendo sonido, olor y temperatura, pero no puede causar daño ni estados. Si estás dentro del alcance, puedes usar acción de magia para mover la imagen y alterar su apariencia para que parezca natural; también puedes cambiar los sonidos que emite. Interacción física revela que es ilusión; una criatura puede detectar la ilusión con acción de estudiar y prueba de Inteligencia (Investigación) contra tu CD, viéndola como vacía y sin cualidades sensoriales. Con espacio de nivel 4 o superior, dura hasta ser disipada, sin requerir concentración.","10 min
36 m / 120 f / 24 cas
Acción",293 MdJ*,TRUE,TRUE,TRUE,~,FALSE,FALSE,TRUE,FALSE,FALSE,FALSE,FALSE,FALSE,TRUE,FALSE,FALSE,Directo,"Bardo, Brujo, Hechicero, Mago"
Imagen múltiple,Mirror Image,2,Copias que confunden.,"Tres duplicados ilusorios de ti mismo aparecen en tu espacio. Hasta que el conjuro termina, los duplicados se mueven contigo e imitan tus acciones, cambiando de posición para que sea imposible identificar cuál es la imagen real.
Cada vez que una criatura te acierte con una tirada de ataque durante la duración del conjuro, tira un d6 por cada uno de tus duplicados restantes. Si alguno de los d6 saca un 3 o más, uno de los duplicados es impactado en tu lugar y es destruido. De lo contrario, los duplicados ignoran el resto del daño y los efectos. El conjuro termina cuando los tres duplicados son destruidos.
Una criatura no se ve afectada por este conjuro si tiene el estado de Cegado, Visión ciega o Visión verdadera.
","1 min
Lanzador
Acción",293 MdJ*,TRUE,TRUE,FALSE,~,FALSE,FALSE,FALSE,FALSE,FALSE,FALSE,FALSE,FALSE,TRUE,FALSE,FALSE,Directo,"Bardo, Brujo, Hechicero, Mago"
Imagen silenciosa,Silent Image,1,Una imagen sin sonido.,"Creas la imagen de un objeto, criatura u otro fenómeno visible de hasta 4,5 m / 15 pies de lado en un punto dentro del alcance; dura mientras dure el conjuro. La imagen es puramente visual, sin sonido, olor ni otros efectos sensoriales. Como acción de magia, puedes moverla dentro del alcance y alterar su apariencia para que los movimientos parezcan naturales. La interacción física revela que es ilusión; una criatura puede detectar la ilusión con acción de estudiar y prueba de Inteligencia (Investigación) contra tu CD, viéndola como vacía.","10 min
18 m / 60 f / 12 cas
Acción",293 MdJ*,TRUE,TRUE,TRUE,~,FALSE,FALSE,TRUE,FALSE,FALSE,FALSE,FALSE,FALSE,TRUE,FALSE,FALSE,Directo,"Bardo, Hechicero, Mago"
Impacto certero,True Strike,Truco,El golpe no falla.,"Un destello de perspicacia mágica te guía y haces un ataque con el arma empleada para lanzar el conjuro. El ataque usa tu aptitud mágica para las tiradas de ataque y de daño en lugar de la Fuerza o la Destreza. Si el ataque inflige daño, puede ser radiante o del tipo de daño normal del arma (a tu elección).
Mejora de truco. Independientemente de si haces daño radiante o del tipo normal del arma, el ataque inflige daño radiante adicional cuando alcanzas los niveles 5 (1d6), 11 (2d6) y 17 (3d6).","Instant.
Lanzador
Acción",294 MdJ,TRUE,FALSE,TRUE,1 pc,TRUE,FALSE,FALSE,FALSE,FALSE,TRUE,FALSE,FALSE,FALSE,FALSE,FALSE,Directo,"Bardo, Brujo, Hechicero, Mago"
Imponer maldición,Bestow Curse,3,La desgracia se pega al alma.,"Tocas una criatura; debe superar tirada de salvación de Sabiduría o queda maldecida hasta que termine el conjuro. El objetivo sufre uno a tu elección: Desventaja en una característica o tiradas de salvación asociadas, Desventaja en ataques contra ti, en combate debe superar tirada de Sabiduría al inicio de su turno o esquivar, o recibe 1d8 de daño necrótico adicional al recibir daño de ti. 
Con espacio de nivel 4, concentración hasta 10 min. nivel 5-6, dura 8 h el hechizo sin concentración.
Nivel 7-8, dura 24 h; nivel 9, hasta ser disipado.","1 min
Toque
Acción",294 MdJ*,TRUE,TRUE,FALSE,~,FALSE,FALSE,TRUE,FALSE,FALSE,FALSE,FALSE,FALSE,FALSE,TRUE,FALSE,TdS Sab.,"Bardo, Clerigo, Mago"
Indetectable,Nondetection,3,Oculto a ojos y hechizos.,"Hasta que termine el conjuro, escondes a un objetivo que toques ante los conjuros de adivinación. Este puede ser una criatura voluntaria, o un lugar o un objeto que no midan más de 3 m / 10 pies en ninguna de sus dimensiones. El objetivo no podrá ser el objetivo de conjuros de adivinación ni podrá ser percibido mediante sensores mágicos de escudriñamiento.","8 horas
Toque
Acción",294 MdJ,TRUE,TRUE,TRUE,25*,TRUE,FALSE,FALSE,TRUE,FALSE,FALSE,FALSE,FALSE,FALSE,FALSE,FALSE,Directo,"Bardo, Explorador, Mago"
Inflingir heridas,Inflict Wounds,1,El dolor fluye desde tu toque.,"Una criatura a la que toques hace una tirada de salvación de Constitución; sufrirá 2d10 de daño necrótico si la falla o la mitad del daño si la supera.
Con un espacio de conjuro de nivel superior. El daño aumenta en 1d10 por cada nivel por encima de 1 que tenga el espacio.
","Instant.
Toque
Acción",294 MdJ,TRUE,TRUE,FALSE,~,FALSE,FALSE,FALSE,FALSE,FALSE,FALSE,FALSE,FALSE,FALSE,TRUE,FALSE,TdS Sab.,Clerigo
Inmovilizar monstruo,Hold Monster,5,El cuerpo se congela.,"Elige a una criatura que puedas ver dentro del alcance. El objetivo deberá superar una tirada de salvación de Sabiduría o tendrá el estado de paralizado hasta que termine el conjuro. Al final de cada uno de sus turnos, el objetivo repite la tirada de salvación y, si tiene éxito, se librará del conjuro.
Con un espacio de conjuro de nivel superior. Puedes hacer objetivo a una criatura adicional por cada nivel por encima de 5 que tenga el espacio.","1 min
27 m / 90 f / 18 cas
Acción",294 MdJ,TRUE,TRUE,TRUE,~,FALSE,FALSE,TRUE,FALSE,FALSE,FALSE,TRUE,FALSE,FALSE,FALSE,FALSE,TdS Sab.,"Bardo, Brujo, Hechicero, Mago"
Inmovilizar persona,Hold Person,2,El cuerpo obedece.,"Elige a un humanoide que puedas ver dentro del alcance. El objetivo deberá superar una tirada de salvación de Sabiduría o tendrá el estado de paralizado hasta que termine el conjuro. Al final de cada uno de sus turnos, el objetivo repite la tirada de salvación y, si tiene éxito, se librará del conjuro.
Con un espacio de conjuro de nivel superior. Puedes hacer objetivo a un humanoide adicional por cada nivel por encima de 2 que tenga el espacio.","1 min
18 m / 60 f / 12 cas
Acción",294 MdJ,TRUE,TRUE,TRUE,~,FALSE,FALSE,TRUE,FALSE,FALSE,FALSE,TRUE,FALSE,FALSE,FALSE,FALSE,TdS Sab.,"Bardo, Druida, Clerigo, Brujo, Hechicero, Mago"
Insecto gigante,Giant Insec,4,La naturaleza crece desmesurada.,"Invocas una araña, una avispa o un ciempiés gigantes (a tu elección cuando lanzas el conjuro). Aparece en un espacio sin ocupar y desaparece si cae a 0 puntos de golpe.
CA: 11 + nivel de conjuro.
PG: 30 + 10 por cada nivel del conjuro superior al 4.
Vel.: 12m, trepar 12m, volar 12m (solo avispa).
F 17 +3 +3   D 13 +1 +1      Co 15 +2 +2
I 4 -3 -3        S 14 +2 +2      Ca 3   -4 -4
Puede trepar superficies dificiles o recorrer techos sin prueba.
Acciones: Ataca = nivel conjuro (redondeado hacia abajo).
Punzada venenosa. Cuerpo a cuerpo, +mod. ata. conj. para impactar, 1d6 + 3 + nivel del conjuro de perf + 1d4 veneno.
Telarañas (solo araña). A distancia, +mod. ata. conj. para impactar, 18m, 1d10 + 3 + nivel del conjuro  de contundente, velocidad 0 hasta el siguiente turno del insecto.
Escupitajo (solo ciempiés). TdS de Con.: tu CD de salv. de conjuro, 3m. Fallo: envenenado hasta prox. turno.

","10 min
18 m / 60 f / 12 cas
Acción",295 MdJ*,TRUE,TRUE,FALSE,~,FALSE,FALSE,TRUE,FALSE,TRUE,FALSE,FALSE,FALSE,FALSE,FALSE,FALSE,Directo,Druida
Invertir la gravedad,Reverse Gravity,7,El mundo se da la vuelta.,"Este conjuro invierte la gravedad en un cilindro de 15 m / 50 pies de radio y 30 m / 100 pies de alto centrado en un punto dentro del alcance. Todas las criaturas y objetos dentro de la zona que no estén fijados al suelo caerán hacia arriba y llegarán a la parte superior del cilindro. Una criatura puede hacer una tirada de salvación de Destreza para agarrarse a un objeto fijo a su alcance y así evitar la caída hacia arriba.
Si un techo o un objeto fijo se interpone en la caída, las criaturas y objetos chocan contra él como harían en una caída normal hacia abajo. Si una criatura u objeto llega a la parte superior del cilindro sin chocarse con nada, permanecerá allí flotando hasta que el conjuro termine. Cuando ocurra, las criaturas y objetos afectados caerán hacia abajo.
","1 min
30 m / 100 f / 20 cas
Acción",295 MdJ,TRUE,TRUE,TRUE,~,FALSE,FALSE,TRUE,FALSE,FALSE,FALSE,FALSE,FALSE,FALSE,FALSE,TRUE,Directo,"Druida, Hechicero, Mago"
Invisibilidad,Invisibility,2,Desaparecer del mundo.,"Una criatura a la que tocas tiene el estado de invisible hasta que el conjuro termine. El conjuro terminará inmediatamente después de que el objetivo haga una tirada de ataque, cause daño o lance un conjuro.
Con un espacio de conjuro de nivel superior. Puedes hacer objetivo a una criatura adicional por cada nivel por encima de 2 que tenga el espacio.
","1 hora
Toque
Acción",295 MdJ,TRUE,TRUE,TRUE,~,FALSE,FALSE,TRUE,FALSE,FALSE,FALSE,FALSE,FALSE,TRUE,FALSE,FALSE,Directo,"Bardo, Brujo, Hechicero, Mago"
Invisibilidad mejorada,Greater Invisibility,4,Invisible y letal.,Una criatura a la que tocas tiene el estado de invisible hasta que el conjuro termine.,"1 min
Toque
Acción",296 MdJ,TRUE,TRUE,FALSE,~,FALSE,FALSE,TRUE,FALSE,FALSE,FALSE,FALSE,FALSE,TRUE,FALSE,FALSE,Directo,"Bardo, Hechicero, Mago"
Invocación instantánea de Drawmij,Drawmij's Instant Summons,6,Lo que deseas aparece al instante.,"Tocas el zafiro empleado en el lanzamiento y un objeto que pese 5 kg o menos y cuya dimensión más grande sea de 1,8 m / 6 pies o menos. El conjuro deja una marca invisible en su superficie y graba de la misma forma el nombre del objeto en el zafiro. Cada vez que lances este conjuro, deberás usar un zafiro distinto.
A partir de entonces, podrás emplear una acción de magia para decir el nombre del objeto y aplastar el zafiro. El objeto aparecerá en tu mano al instante, sin importar las distancias físicas o interplanares, y el conjuro terminará.
Si otra criatura sostiene o lleva el objeto consigo, aplastar el zafiro no lo llevará hasta ti. En su lugar, descubrirás quién es la criatura que lo tiene y su paradero actual.
","Hasta que sea disipado
Toque
1 min o ritual",296 MdJ,TRUE,TRUE,TRUE,1000 po,TRUE,TRUE,FALSE,FALSE,TRUE,FALSE,FALSE,FALSE,FALSE,FALSE,FALSE,Directo,Mago
Invocar aberración,Summon Aberration,4,Llamar a lo incomprensible.,"Invocas un espíritu aberrante que se manifiesta en un espacio sin ocupar que puedas ver dentro del alcance y usa el perfil del espíritu aberrante. Cuando lances el conjuro, elige azotamentes, contemplador o slaad. La criatura se parecerá a una aberración de ese tipo, lo que determinará ciertos detalles de su perfil. La criatura desaparecerá si sus puntos de golpe se reducen a 0 o si el conjuro termina.
La criatura se considera un aliado para tus aliados y para ti. En combate, comparte tu orden de iniciativa, pero su turno va justo después del tuyo, obedece tus órdenes verbales (no requiere acción) y, si no le das ninguna, realiza la acción de esquivar y usa su movimiento para evitar el peligro.
Con un espacio de conjuro de nivel superior. Usa el nivel del espacio de conjuro para determinar el nivel del conjuro en el perfil.
","1 hora
27 m / 90 f / 18 cas
Acción",296 MdJ,TRUE,TRUE,TRUE,400 po,TRUE,FALSE,TRUE,FALSE,TRUE,FALSE,FALSE,FALSE,FALSE,FALSE,FALSE,Directo,"Brujo, Mago"
Invocar autómata,Summon Construct,4,Una creación mecánica responde a tu llamado.,"Invocas el espíritu de un autómata, que se manifiesta en un espacio sin ocupar que puedas ver dentro del alcance y usa el perfil del espíritu autómata. Cuando lances el conjuro, elige un material: arcilla, metal o piedra. La criatura parecerá una estatua animada (tú decides el aspecto) hecha del material en cuestión, lo que determinará ciertos detalles de su perfil. La criatura desaparecerá si sus puntos de golpe se reducen a 0 o si el conjuro termina.
La criatura se considera un aliado para tus aliados y para ti. En combate, la criatura comparte tu orden de iniciativa, pero su turno va justo después del tuyo, obedece tus órdenes verbales (no requiere acción) y, si no le das ninguna, realiza la acción de esquivar y usa su movimiento para evitar el peligro.
Con un espacio de conjuro de nivel superior. Usa el nivel del espacio de conjuro para determinar el nivel del conjuro en el perfil.
","1 hora
27 m / 90 f / 18 cas
Acción",297 MdJ,TRUE,TRUE,TRUE,400 po,TRUE,FALSE,TRUE,FALSE,TRUE,FALSE,FALSE,FALSE,FALSE,FALSE,FALSE,Directo,Mago
Invocar bestia,Summon Beast,2,Invocas una bestia.,"Invocas un espíritu bestial que se manifiesta en un espacio sin ocupar que puedas ver dentro del alcance y usa el perfil del espíritu bestial. Cuando lances el conjuro, elige un hábitat: tierra, mar o aire. La criatura se parecerá a un animal de tu elección de ese hábitat, lo que determinará ciertos detalles de su perfil. La criatura desaparecerá si sus puntos de golpe se reducen a 0 o si el conjuro termina.
La criatura se considera un aliado para tus aliados y para ti. En combate, la criatura comparte tu orden de iniciativa, pero su turno va justo después del tuyo, obedece tus órdenes verbales (no requiere acción) y, si no le das ninguna, realiza la acción de esquivar y usa su movimiento para evitar el peligro.
Con un espacio de conjuro de nivel superior. Usa el nivel del espacio de conjuro para determinar el nivel del conjuro en el perfil.
","1 hora
27 m / 90 f / 18 cas
Acción",298 MdJ,TRUE,TRUE,TRUE,200 po,TRUE,FALSE,TRUE,FALSE,TRUE,FALSE,FALSE,FALSE,FALSE,FALSE,FALSE,Directo,"Druida, Explorador"
Invocar celestial,Summon Celestial,5,Un aliado celestial aparece.,"Invocas un espíritu celestial que se manifiesta con una forma angelical en un espacio sin ocupar que puedas ver dentro del alcance y usa el perfil del espíritu celestial. Cuando lances el conjuro, elige defensor o vengador. Tu elección determinará ciertos detalles de su perfil. La criatura desaparecerá si sus puntos de golpe se reducen a 0 o si el conjuro termina.
La criatura se considera un aliado para tus aliados y para ti. En combate, la criatura comparte tu orden de iniciativa, pero su turno va justo después del tuyo, obedece tus órdenes verbales (no requiere acción) y, si no le das ninguna, realiza la acción de esquivar y usa su movimiento para evitar el peligro. Con un espacio de conjuro de nivel superior.
Usa el nivel del espacio de conjuro para determinar el nivel del conjuro en el perfil.
","1 hora
27 m / 90 f / 18 cas
Acción",298 MdJ,TRUE,TRUE,TRUE,500 po,TRUE,FALSE,TRUE,FALSE,TRUE,FALSE,FALSE,FALSE,FALSE,FALSE,FALSE,Directo,"Clerigo, Paladín"
Invocar dragón,Summon Dragon,5,La majestuosidad dracónica obedece tu orden.,"Invocas el espíritu de un dragón, que se manifiesta en un espacio sin ocupar que puedas ver dentro del alcance y usa el perfil del espíritu dracónico. La criatura desaparecerá si sus puntos de golpe se reducen a 0 o si el conjuro termina.
La criatura se considera un aliado para tus aliados y para ti. En combate, la criatura comparte tu orden de iniciativa, pero su turno va justo después del tuyo, obedece tus órdenes verbales (no requiere acción) y, si no le das ninguna, realiza la acción de esquivar y usa su movimiento para evitar el peligro.
Con un espacio de conjuro de nivel superior. Usa el nivel del espacio de conjuro para determinar el nivel del conjuro en el perfil.
","1 hora
18 m / 60 f / 12 cas
Acción",299 MdJ,TRUE,TRUE,TRUE,500 po,TRUE,FALSE,TRUE,FALSE,TRUE,FALSE,FALSE,FALSE,FALSE,FALSE,FALSE,Directo,Mago
Invocar elemental,Summon Elemental,4,Guardia elemental.,"Invocas un espíritu elemental que se manifiesta en un espacio sin ocupar que puedas ver dentro del alcance y usa el perfil del espíritu elemental. Cuando lances el conjuro, elige un elemento: agua, aire, fuego o tierra. La criatura se parecerá a un ser bípedo envuelto en el elemento elegido, lo que determinará ciertos detalles de su perfil. La criatura desaparecerá si sus puntos de golpe se reducen a 0 o si el conjuro termina.
La criatura se considera un aliado para tus aliados y para ti. En combate, la criatura comparte tu orden de iniciativa, pero su turno va justo después del tuyo, obedece tus órdenes verbales (no requiere acción) y, si no le das ninguna, realiza la acción de esquivar y usa su movimiento para evitar el peligro.
Con un espacio de conjuro de nivel superior. Usa el nivel del espacio de conjuro para determinar el nivel del conjuro en el perfil.
","1 hora
27 m / 90 f / 18 cas
Acción",300 MdJ,TRUE,TRUE,TRUE,400 po,TRUE,FALSE,TRUE,FALSE,TRUE,FALSE,FALSE,FALSE,FALSE,FALSE,FALSE,Directo,"Druida, Explorador, Mago"
Invocar feérico,Summon Fey,3,Llamar a lo feérico.,"Invocas un espíritu feérico que se manifiesta en un espacio sin ocupar que puedas ver dentro del alcance y usa el perfil del espíritu feérico. Cuando lances el conjuro, elige un estado de ánimo: alegre, burlón o enfurecido. La criatura se parecerá a un ser feérico de tu elección con ese estado de ánimo, lo que determinará ciertos detalles de su perfil. La criatura desaparecerá si sus puntos de golpe se reducen a 0 o si el conjuro termina.
La criatura se considera un aliado para tus aliados y para ti. En combate, la criatura comparte tu orden de iniciativa, pero su turno va justo después del tuyo, obedece tus órdenes verbales (no requiere acción) y, si no le das ninguna, realiza la acción de esquivar y usa su movimiento para evitar el peligro.
Con un espacio de conjuro de nivel superior. Usa el nivel del espacio de conjuro para determinar el nivel del conjuro en el perfil.
","1 hora
27 m / 90 f / 18 cas
Acción",301 MdJ,TRUE,TRUE,TRUE,300 po,TRUE,FALSE,TRUE,FALSE,TRUE,FALSE,FALSE,FALSE,FALSE,FALSE,FALSE,Directo,"Druida, Brujo, Explorador, Mago"
Invocar infernal,Summon Fiend,6,Llamar a lo infernal.,"Invocas un espíritu infernal que se manifiesta en un espacio sin ocupar que puedas ver dentro del alcance y usa el perfil del espíritu infernal. Cuando lances el conjuro, elige demonio, diablo o yugoloth. La criatura se parecerá a un infernal del tipo elegido, lo que determinará ciertos detalles de su perfil. La criatura desaparecerá si sus puntos de golpe se reducen a 0 o si el conjuro termina.
La criatura se considera un aliado para tus aliados y para ti. En combate, la criatura comparte tu orden de iniciativa, pero su turno va justo después del tuyo, obedece tus órdenes verbales (no requiere acción) y, si no le das ninguna, realiza la acción de esquivar y usa su movimiento para evitar el peligro.
Con un espacio de conjuro de nivel superior. Usa el nivel del espacio de conjuro para determinar el nivel del conjuro en el perfil.
","1 hora
27 m / 90 f / 18 cas
Acción",302 MdJ,TRUE,TRUE,TRUE,600 po,TRUE,FALSE,TRUE,FALSE,TRUE,FALSE,FALSE,FALSE,FALSE,FALSE,FALSE,Directo,"Brujo, Mago"
Invocar muerto viviente,Summon Undead,3,La muerte responde.,"Invocas un espíritu muerto viviente que se manifiesta en un espacio sin ocupar que puedas ver dentro del alcance y usa el perfil del espíritu muerto viviente. Cuando lances el conjuro, elige la forma de la criatura: esquelética, fantasmal o pútrida. El espíritu se parecerá a un muerto viviente con la forma elegida, lo que determinará ciertos detalles de su perfil. La criatura desaparecerá si sus puntos de golpe se reducen a 0 o si el conjuro termina.
La criatura se considera un aliado para tus aliados y para ti. En combate, la criatura comparte tu orden de iniciativa, pero su turno va justo después del tuyo, obedece tus órdenes verbales (no requiere acción) y, si no le das ninguna, realiza la acción de esquivar y usa su movimiento para evitar el peligro.
Con un espacio de conjuro de nivel superior. Usa el nivel del espacio de conjuro para determinar el nivel del conjuro en el perfil.","1 hora
27 m / 90 f / 18 cas
Acción",303 MdJ,TRUE,TRUE,TRUE,"300 po
",TRUE,FALSE,TRUE,FALSE,FALSE,FALSE,FALSE,FALSE,FALSE,TRUE,FALSE,Directo,"Brujo, Mago"
Jaula de fuerza,Forcecage,7,"Nada entra, nada sale.","Creas una prisión de fuerza mágica invisible e inmóvil en un área dentro del alcance. Puede ser jaula de hasta 6 m / 20 pies de lado con barrotes de 1,3 cm / ½ pulgada separados 1,3 cm, o caja sólida de hasta 3 m / 10 pies de lado que bloquea toda materia y conjuro. Las criaturas completamente dentro quedan atrapadas; las parcialmente dentro o demasiado grandes son expulsadas. Una criatura atrapada no puede salir por medios no mágicos; debe superar tirada de Carisma para teleportarse o usar viaje intraplanar. Bloquea el Plano Etéreo y viaje etéreo. No puede ser disipado con Disipar magia.
","1 hora
30 m / 100 f / 20 cas
Acción",304 MdJ*,TRUE,TRUE,TRUE,1500 po*,TRUE,FALSE,TRUE,FALSE,FALSE,FALSE,FALSE,TRUE,FALSE,FALSE,FALSE,Directo,"Bardo, Brujo, Mago"
Laberinto,Maze,8,Los muros cambian según tu voluntad.,"Destierras a una criatura que puedas ver dentro del alcance a un semiplano laberíntico. El objetivo permanecerá allí hasta que termine el conjuro o hasta que escape del laberinto. El objetivo puede llevar a cabo una acción de estudiar para intentar escapar. Cuando lo haga, realizará una prueba de Inteligencia (Investigación) con CD 20. Si la supera, escapará y el conjuro terminará. Cuando el conjuro termine, el objetivo reaparecerá en el espacio que abandonó o en el espacio sin ocupar más cercano si dicho espacio está ocupado.
","10 min
18 m / 60 f / 12 cas
Acción",304 MdJ,TRUE,TRUE,FALSE,~,FALSE,FALSE,TRUE,FALSE,TRUE,FALSE,FALSE,FALSE,FALSE,FALSE,FALSE,Directo,Mago
Labia,Glibness,8,Las palabras conquistan.,"Hasta que el conjuro termine, cuando hagas una prueba de Carisma, puedes sustituir el resultado de la tirada por un 15. Además, digas lo que digas, cualquier magia usada para detectar si dices la verdad indicará que la estás diciendo.","1 hora
Lanzador
Acción",304 MdJ,FALSE,TRUE,FALSE,~,FALSE,FALSE,FALSE,FALSE,FALSE,FALSE,TRUE,FALSE,FALSE,FALSE,FALSE,Directo,"Bardo, Brujo"
Látigo de espinas,Thorn Whip,Truco,Espinas que castigan.,"Creas un látigo similar a una enredadera cubierta de espinas que fustiga bajo tus órdenes a una criatura dentro del alcance. Haz un ataque de conjuro cuerpo a cuerpo contra el objetivo. Si acierta, el objetivo sufre 1d6 de daño perforante y, si es Grande o más pequeño, puedes arrastrarlo hasta 3 m / 10 pies hacia ti.
Mejora de truco. El daño aumenta en 1d6 cuando alcanzas los niveles 5 (2d6), 11 (3d6) y 17 (4d6).
","Instant.
9 m / 30 f / 6 cas
Acción",304 MdJ,TRUE,TRUE,TRUE,~,FALSE,FALSE,FALSE,FALSE,FALSE,FALSE,FALSE,FALSE,FALSE,FALSE,TRUE,D20+ata.conj.,Druida
Levantar maldición,Remove Curse,3,Romper viejas ataduras.,"Con tan solo tocar a una criatura o un objeto, eliminarás todas las maldiciones que le afecten. Si el objetivo es un objeto mágico maldito, la maldición permanecerá, pero este conjuro romperá la sintonización del objeto con el dueño, lo que le permitirá quitárselo o deshacerse de él.
","Instant.
Toque
Acción",304 MdJ,TRUE,TRUE,FALSE,~,FALSE,FALSE,FALSE,TRUE,FALSE,FALSE,FALSE,FALSE,FALSE,FALSE,FALSE,Directo,"Brujo, Clerigo, Mago, Paladín"
Levitar,Levitate,2,Flotar sin tocar el suelo.,"Una criatura o un objeto suelto de tu elección que puedas ver dentro del alcance se eleva verticalmente hasta 6 m / 20 pies y se mantiene suspendido hasta que el conjuro termine. El conjuro puede hacer levitar un objeto que pese hasta 250 kg y no afecta a una criatura no voluntaria que supere una tirada de salvación de Constitución. El objetivo solo puede moverse empujándose o tirando de un objeto fijo o una superficie a su alcance (como una pared o techo), lo que le permite desplazarse como si estuviera trepando. En tu turno, puedes variar la altitud del objetivo hasta 6 m / 20 pies en cualquier sentido. Si tú mismo eres el objetivo, te puedes mover hacia arriba o abajo como parte de tu movimiento. En caso contrario, puedes usar una acción de magia para mover al objetivo, que deberá permanecer dentro del alcance del conjuro. Cuando el conjuro termine, el objetivo flotará suavemente hasta llegar al suelo si todavía está en el aire.
","10 min
18 m / 60 f / 12 cas
Acción",304 MdJ,TRUE,TRUE,TRUE,~,FALSE,TRUE,FALSE,FALSE,FALSE,FALSE,FALSE,FALSE,FALSE,FALSE,TRUE,Directo,"Hechicero, Mago"
Libertad de movimiento,Freedom of Movement,4,Nada puede detenerte.,"Tocas a una criatura voluntaria. Hasta que termine el conjuro, el movimiento del objetivo no se ve afectado por el terreno difícil y los conjuros y otros efectos mágicos no pueden reducir su velocidad ni hacer que tenga los estados de apresado o paralizado. Además, el objetivo tiene una velocidad nadando igual a su velocidad.
El objetivo también puede gastar 1,5 m / 5 pies de movimiento para escapar automáticamente de ataduras no mágicas, como unas esposas o una criatura que le imponga elestado de agarrado.
Con un espacio de conjuro de nivel superior. Puedes hacer objetivo a una criatura adicional por cada nivel por encima de 4 que tenga el espacio.","1 hora
Toque
Acción",305 MdJ,TRUE,TRUE,TRUE,~,FALSE,FALSE,FALSE,TRUE,FALSE,FALSE,FALSE,FALSE,FALSE,FALSE,FALSE,Directo,"Bardo, Druida, Clerigo, Explorador"
Llama permanente,Continual Flame,2,Una llama eterna.,"Una llama surge de un objeto que tocas. El efecto proyecta Luz brillante en un radio de 6 m / 20 pies y Luz tenue en otros 6 m / 20 pies. Parece una llama normal, pero no genera calor ni consume combustible. La llama se puede cubrir u ocultar, pero no sofocar ni apagar.","Hasta que sea disipado
Toque
Acción",305 MdJ,TRUE,TRUE,TRUE,50 po*,TRUE,FALSE,FALSE,FALSE,FALSE,FALSE,FALSE,TRUE,FALSE,FALSE,FALSE,Directo,"Druida, Clerigo, Mago"
Llama sagrada,Sacred Flame,Truco,Fuego sagrado juzga.,"Un fulgor de llamas desciende sobre una criatura que puedas ver dentro del alcance. El objetivo deberá superar una tirada de salvación de Destreza o sufrirá 1d8 de daño radiante. No podrá beneficiarse de la cobertura media o tres cuartos en esta tirada.
Mejora de truco. El daño aumenta en 1d8 cuando alcanzas los niveles 5 (2d8), 11 (3d8) y 17 (4d8).","Instant.
18 m / 60 f / 12 cas
Acción",305 MdJ,TRUE,TRUE,FALSE,~,FALSE,FALSE,FALSE,FALSE,FALSE,FALSE,FALSE,TRUE,FALSE,FALSE,FALSE,TdS Des.,Clerigo
Llamar al relámpago,Call Lightning,3,El cielo descarga furia.,"Creas una nube de tormenta en un punto dentro del alcance sobre ti, formando un cilindro de 3 m de altura y 18 m de radio. Al lanzar el conjuro, eliges un punto bajo la nube; un rayo golpea ese punto. Toda criatura en un radio de 1,50 m / 5 pies realiza una tirada de salvación de Destreza; si falla recibe 3d10 de daño de relámpago o la mitad si tiene éxito.
Hasta que termine el conjuro, puedes usar una acción de magia para disparar otro rayo al mismo o a otro punto. Si lanzas el conjuro al aire libre durante una tormenta, controlas esa tormenta y el daño aumenta en 1d10.
Con un espacio de conjuro superior a nivel 3, el daño aumenta 1d10 por nivel adicional.
","10 min
36 m / 120 f / 24 cas
Acción",305 MdJ*,TRUE,TRUE,FALSE,~,FALSE,FALSE,TRUE,FALSE,TRUE,FALSE,FALSE,FALSE,FALSE,FALSE,FALSE,Directo,Druida
Localizar animales o plantas,Locate Animals or Plants,2,El rastro de la naturaleza.,"Describe o nombra un tipo concreto de bestia, criatura de tipo 'planta' o planta no mágica. Descubres la dirección y la distancia hasta la criatura o la planta de ese tipo más cercana que esté a 7,5 km / 4,66 mi o menos, siempre y cuando haya alguna.","Instant.
Lanzador
Acción o ritual",305 MdJ,TRUE,TRUE,TRUE,~,FALSE,TRUE,FALSE,FALSE,FALSE,TRUE,FALSE,FALSE,FALSE,FALSE,FALSE,Directo,"Bardo, Druida, Explorador"
Localizar criatura,Locate Creature,4,La presa siempre aparece.,"Nombras o describes una criatura que conoces. Percibes su dirección si está a 300 m / 1000 pies o menos y la dirección de su movimiento. Puedes localizar una criatura específica que conozcas o la más cercana de un tipo que hayas visto de cerca 3 m / 9 pies al menos una vez. Si la criatura tiene forma alterada (piedra, polimorfar), no se localiza. La línea debe estar libre de plomo para funcionar.","1 hora
Lanzador
Acción",305 MdJ*,TRUE,TRUE,TRUE,~,FALSE,FALSE,TRUE,FALSE,FALSE,TRUE,FALSE,FALSE,FALSE,FALSE,FALSE,Directo,"Bardo, Druida, Clerigo, Explorador, Mago, Paladín"
Localizar objeto,Locate Object,2,Los objetos también hablan.,"Describe o nombra un objeto que conozcas. Presientes la dirección en la que se encuentra dicho objeto si está a 300 m / 1000 pies o menos de ti. Si el objeto se está moviendo, conoces la dirección de su movimiento.
El conjuro puede localizar un objeto específico que conozcas si lo has visto de cerca (a 9 m / 30 pies o menos) al menos una vez. Como alternativa, el conjuro puede localizar el objeto más cercano de un tipo particular, como un cierto tipo de ropa, joyas, muebles, herramientas o armas.
El conjuro no puede localizar un objeto si hay cualquier grosor de plomo que bloquee una ruta directa entre dichoobjeto y tú.","10 min
Lanzador
Acción",306 MdJ,TRUE,TRUE,TRUE,~,FALSE,FALSE,TRUE,FALSE,FALSE,TRUE,FALSE,FALSE,FALSE,FALSE,FALSE,Directo,"Bardo, Druida, Clerigo, Explorador, Mago, Paladín"
Luces danzantes,Dancing Lights,Truco,Luces que juegan.,"Creas hasta cuatro luces del tamaño de antorchas dentro del alcance. Puedes darles la apariencia de antorchas, linternas u orbes luminosos, y levitarán hasta que el conjuro termine. Como alternativa, combinas las cuatro luces en una sola de tamaño Mediano y aspecto vagamente humanoide. En ambos casos, cada luz proyecta una luz tenue en un radio de 3 m / 10 pies.
Como acción adicional, puedes mover las luces hasta 18 m a otro espacio dentro del alcance. Cada luz debe estara 6 m / 20 pies o menos de otra luz creada por este conjuro y se desvanecerá si sale del alcance del mismo.","1 min
36 m / 120 f / 24 cas
Acción",306 MdJ,TRUE,TRUE,TRUE,~,FALSE,FALSE,TRUE,FALSE,FALSE,FALSE,FALSE,FALSE,TRUE,FALSE,FALSE,Directo,"Bardo, Hechicero, Mago"
Luz,Light,Truco,Iluminar la oscuridad.,"Tocas un objeto Grande o más pequeño que nadie lleve o vista. Hasta que el conjuro termine, el objeto emitirá luz brillante en un radio de 6 m / 20 pies y luz tenue otros 6 m / 20 pies más allá. La luz puede tener el color que desees.
Tapar completamente el objeto con un material opaco bloquea la luz. El conjuro termina si lo vuelves a lanzar.","1 hora
Toque
Acción",306 MdJ,FALSE,TRUE,TRUE,~,FALSE,FALSE,FALSE,FALSE,FALSE,FALSE,FALSE,TRUE,FALSE,FALSE,FALSE,Directo,"Bardo, Clerigo, Hechicero, Mago"
Luz del día,Daylight,3,Invoca luz solar.,"Hasta que el conjuro termine, una luz solar se extiende desde un punto dentro del alcance y llena una esfera de 18 m / 60 pies de radio. La zona que cubre es de luz brillante y emite una luz tenue 18 m / 60 pies más allá.
Como alternativa, lanzas el conjuro sobre un objeto que no lleve o vista nadie, lo que hará que la luz solar llene una emanación de 18 m / 60 pies metros que se origina en él. Cubrir el objeto con algo opaco, como un cuenco o un casco, bloqueará la luz solar.
Si cualquier zona del conjuro se superpone con una zona de oscuridad creada por un conjuro de nivel 3 o inferior, el conjuro que creó esa oscuridad se disipa.
","1 hora
18 m / 60 f / 12 cas
Acción",307 MdJ,TRUE,TRUE,FALSE,~,FALSE,FALSE,FALSE,FALSE,FALSE,FALSE,FALSE,TRUE,FALSE,FALSE,FALSE,Directo,"Druida, Clerigo, Explorador, Hechicero, Paladín"
Mal de ojo,Eyebite,6,Una mirada que debilita.,"Tus ojos se vuelven un vacío de tinta. Una criatura que puedas ver en un radio de 18 m / 60 pies debe superar una tirada de salvación de Sabiduría o recibir uno de los efectos que elijas: Dormido (Inconsciente hasta recibir daño o que alguien lo despierte), En pánico (Miedo; cada turno debe usar acción Dash para alejarse de ti hasta 18 m / 60 pies o más y línea de visión bloqueada), o Enfermizo (Envenenado). En cada uno de tus turnos puedes usar acción de magia para apuntar a otra criatura; no puedes apuntar a una que ya superó la tirada de salvación.","1 min
Lanzador
Acción",307 MdJ*,TRUE,TRUE,FALSE,~,FALSE,FALSE,TRUE,FALSE,FALSE,FALSE,FALSE,FALSE,FALSE,TRUE,FALSE,Directo,"Bardo, Brujo, Hechicero, Mago"
Maleficio,Hex,1,La desgracia persiste.,"Impones una maldición a una criatura que puedas ver dentro del alcance. Hasta que el conjuro termine, infliges 1d6 de daño necrótico adicional al objetivo siempre que le aciertes con una tirada de ataque. Además, elige una característica cuando lances el conjuro. El objetivo tendrá desventaja en las pruebas que haga con la característica elegida.
Si los puntos de golpe del objetivo se reducen a 0 antes de que el conjuro termine, puedes usar una acción adicional en un turno posterior para maldecir a una nueva criatura.
Con un espacio de conjuro de nivel superior. Tu concentración puede durar más si usas un espacio de conjuro de nivel 2 (hasta 4 horas), 3 o 4 (hasta 8 horas) o 5 o más (24 horas).
","1 hora
27 m / 90 f / 18 cas
Acción adicional",307 MdJ,TRUE,TRUE,TRUE,~,FALSE,FALSE,TRUE,FALSE,FALSE,FALSE,TRUE,FALSE,FALSE,FALSE,FALSE,Directo,Brujo
Mano de Bigby,Bigby's Hand,5,Una mano imposible.,"Creas una mano de energía mágica brillante de tamaño Grande en un espacio sin ocupar que puedas ver dentro del alcance. Dura hasta que el conjuro termine y estará bajo tus órdenes, imitando a tu propia mano. La mano tiene una CA de 20 y una cantidad de puntos de golpe igual a tus puntos de golpe máximos. Si sus PG se reducen a 0, el conjuro termina. La mano no ocupa el espacio en el que se encuentra. Cuando lances el conjuro y como acción adicional en tus siguientes turnos, puedes mover la mano hasta 18 m / 60 pies y luego usar uno de los siguientes efectos: 
Mano apresadora.	Mano contundente. Mano interpuesta. 
Puño cerrado. (Revisar efectos en el MdJ)
Con un espacio de conjuro de nivel superior. El daño del puño cerrado aumenta en 2d8 y el daño de la mano apresadora aumenta en 2d6 por cada nivel por encima de 5 que tenga el espacio.
","Hasta 1 min
36 m / 120 f / 24 cas
Acción",307 MdJ,TRUE,TRUE,TRUE,~,FALSE,FALSE,TRUE,FALSE,FALSE,FALSE,FALSE,TRUE,FALSE,FALSE,FALSE,Directo,"Hechicero, Mago"
Mano de mago,Mage Hand,Truco,Una mano sin cuerpo.,"Conjuras una mano espectral flotante en un punto de tu elección dentro del alcance. La mano dura hasta que el conjuro termine. Además, desaparecerá si en algún momento está a más de 9 m / 30 pies de ti o si vuelves a lanzar este conjuro.
Cuando lances este conjuro, puedes utilizar la mano para manipular un objeto, abrir una puerta o un recipiente que no estén cerrados con llave, sacar un objeto de un recipiente abierto o guardarlo en él o verter el contenido de un vial.
Como acción de magia en tus siguientes turnos, puedes volver a controlar la mano de esta forma. Como parte de la acción, puedes mover la mano hasta 9 m / 30 pies. La mano no puede atacar, activar objetos mágicos nillevar más de 5 kg de peso.","1 min
9 m / 30 f / 6 cas
Acción",308 MdJ,TRUE,TRUE,FALSE,~,FALSE,FALSE,FALSE,FALSE,TRUE,FALSE,FALSE,FALSE,FALSE,FALSE,FALSE,Directo,"Bardo, Brujo, Hechicero, Mago"
Manos ardientes,Burning Hands,1,Fuego en abanico.,"Una fina capa de llamas se proyecta desde ti. Todas las criaturas situadas en un cono de 4,5 m / 15 pies hacen  una tirada de salvación de Destreza; sufrirán 3d6 de daño de fuego si la fallan o la mitad del daño si la superan.
Los objetos inflamables dentro del cono que no lleve o vista nadie empezarán a arder.
Con un espacio de conjuro de nivel superior. El daño aumenta en 1d6 por cada nivel por encima de 1 que tenga el espacio.
","Instant.
Lanzador
Acción",308 MdJ,TRUE,TRUE,FALSE,~,FALSE,FALSE,FALSE,FALSE,FALSE,FALSE,FALSE,TRUE,FALSE,FALSE,FALSE,TdS Des.,"Hechicero, Mago"
Mansión magnífica de Mordenkainen,Mordenkainen's Magnificent Mansion,7,Un hogar fuera del mundo.,"Conjuras una puerta brillante a tu alcance que dura la duración del hechizo. Mide 1,50 m / 5 pies de ancho y 3 m / 10 pies de alto y conduce a una vivienda extradimensional. Tú y criaturas designadas al lanzar el hechizo pueden entrar mientras la puerta esté abierta. Puede abrirse o cerrarse sin acción si está a menos de 9 m / 30 pies y es imperceptible cuando está cerrada.
La vivienda tiene un vestíbulo y varias cámaras, con un máximo de 50 cubos contiguos de 3 m / 10 pies cada uno. Está amueblada y decorada a tu gusto, con comida para un banquete de nueve platos para 100 personas.
Cien sirvientes casi transparentes realizan tareas humanas normales siguiendo tus órdenes, pero no pueden atacar ni salir de la vivienda. Al terminar el hechizo, todo lo que quede dentro es expulsado a los espacios desocupados más cercanos a la puerta.","24 horas
90 m / 300 f / 60 cas
1 min",309 MdJ*,TRUE,TRUE,TRUE,15 po,TRUE,FALSE,FALSE,FALSE,TRUE,FALSE,FALSE,FALSE,FALSE,FALSE,FALSE,Directo,"Bardo, Mago"
Manto del cruzado,Crusader's Mantle,3,Un escudo de fe te protege.,"Irradias un aura mágica en una emanación de 9 m / 30 pies. Mientras permanezcáis dentro, tus aliados y tú causaréis 1d4 de daño radiante adicional cuando acertéis con un arma o un ataque sin armas.  ","1 min
Lanzador
Acción",309 MdJ,FALSE,TRUE,FALSE,~,FALSE,FALSE,TRUE,FALSE,FALSE,FALSE,FALSE,TRUE,FALSE,FALSE,FALSE,Directo,Paladín
Marca del cazador,Hunter's Mark,1,Marcas a una criatura para daño adicional.,"Marcas mágicamente a una criatura que puedas ver dentro del alcance como tu presa. Hasta que el conjuro termine, infliges 1d6 de daño de fuerza adicional al objetivo siempre que le aciertes con una tirada de ataque. También tendrás ventaja en cualquier prueba de Sabiduría (Percepción o Supervivencia) que realices para buscarlo.
Si los puntos de golpe del objetivo se reducen a 0 antes de que el conjuro termine, puedes emplear una acción adicional para transferir la marca a una nueva criatura que puedas ver dentro del alcance.
Con un espacio de conjuro de nivel superior. Tu concentración puede durar más si usas un espacio de conjuro de nivel 3 o 4 (hasta 8 horas) o 5 o más (hasta 24 horas).
","Hasta 1 hora
27 m / 90 f / 18 cas
Acción adicional",310 MdJ,FALSE,TRUE,FALSE,~,FALSE,FALSE,TRUE,FALSE,FALSE,TRUE,FALSE,FALSE,FALSE,FALSE,FALSE,Directo,Explorador
Marchitar,Blight,4,La vida se marchita.,"Una criatura a la que puedas ver dentro del alcance deberá hacer una tirada de salvación de Constitución; sufrirá 8d8 de daño necrótico si la falla o la mitad del daño si la supera. Las criaturas de tipo 'planta' fallan automáticamente la tirada.
Como alternativa, haz objetivo a una planta no mágica que no sea una criatura, como un árbol o un arbusto. No hará una tirada de salvación: simplemente se marchitará y morirá.
Con un espacio de conjuro de nivel superior. El daño aumenta en 1d8 por cada nivel por encima de 4 que tenga el espacio.
","Instant.
9 m / 30 f / 6 cas
Acción",310 MdJ,TRUE,TRUE,FALSE,~,FALSE,FALSE,FALSE,FALSE,FALSE,FALSE,FALSE,FALSE,FALSE,TRUE,FALSE,TdS Con.,"Druida, Brujo, Hechicero, Mago"
Mastín fiel de Mordenkainen,Mordenkainen's Faithful Hound,4,Un guardián que nunca duerme.,"Conjuras un perro guardián en un espacio sin ocupar que puedas ver dentro del alcance. El perro permanece hasta que el conjuro termine o hasta que os alejéis a más de 90 m / 300 pies.
Solo tú puedes verlo y es intangible e invulnerable. Cuando una criatura Pequeña o de mayor tamaño se acerque a 9 m / 30 pies o menos de él sin decir la contraseña que especifiques al lanzar el conjuro, el mastín empezará a ladrar ruidosamente. Además, tiene visión verdadera hasta 9 m / 30 pies.
Al principio de cada uno de tus turnos, el mastín tratará de morder a un enemigo que esté a 1,5 m / 5 pies o menos de él. Ese enemigo deberá superar una tirada de salvación de Destreza o sufrirá 4d8 de daño de fuerza.
En tus siguientes turnos, puedes usar una acción de magia para mover el mastín hasta 9 m / 30 pies.
","8 horas
9 m / 30 f / 6 cas
Acción",310 MdJ,TRUE,TRUE,TRUE,~,FALSE,FALSE,FALSE,FALSE,TRUE,FALSE,FALSE,FALSE,FALSE,FALSE,FALSE,Directo,Mago
Mensaje,Message,Truco,Palabras que viajan.,"Apuntas a una criatura dentro del alcance y susurras un mensaje. El objetivo (y solo él) escucha el mensaje y puede responder con un susurro que solo tú puedes oír.
Puedes lanzar este conjuro a través de objetos sólidos si conoces al objetivo y sabes que está más allá de la barrera. Un silencio mágico, 30 cm de piedra, metal o madera, o una fina lámina de plomo bloquean el conjuro.","1 asalto
36 m / 120 f / 24 cas
Acción",310 MdJ*,TRUE,FALSE,TRUE,~,FALSE,FALSE,FALSE,FALSE,FALSE,FALSE,FALSE,FALSE,FALSE,FALSE,TRUE,Directo,"Bardo, Druida, Hechicero, Mago"
Mensajero animal,Animal Messenger,2,Un mensajero fiel.,"Una bestia Diminuta que puedas ver debe superar una tirada de salvación de Carisma o entregará un mensaje por ti (si su Desafío no es 0, lo supera automáticamente). Indicas un lugar que hayas visitado y un destinatario general ('guardia de la ciudad' o 'enano pelirrojo con sombrero puntiagudo') y un mensaje de hasta 25 palabras. La bestia viaja unos 40 km / 25 millas por 24 horas, o 80 km / 50 millas si puede volar. Al llegar, entrega el mensaje imitando tu comunicación. Si no llega antes de que termine el conjuro, el mensaje se pierde y la bestia regresa al punto de lanzamiento. En niveles superiores, la duración aumenta 48 h por cada nivel de espacio de conjuro superior a 2.","24 horas
9 m / 30 f / 6 cas
Acción o ritual",310 MdJ*,TRUE,TRUE,TRUE,~,FALSE,TRUE,FALSE,FALSE,FALSE,FALSE,TRUE,FALSE,FALSE,FALSE,FALSE,TdS Car.,"Bardo, Druida, Explorador"
Mente en blanco,Mind Blank,8,La mente queda sellada.,"Hasta que el conjuro termina, una criatura voluntaria que tocas es inmune al daño psíquico, a cualquier efecto que sentiría sus emociones o sus verdaderos pensamientos, a conjuros de adivinación y al estado hechizado. El conjuro ignora incluso el conjuro Deseo y los conjuros o efectos de poder similar que se usan para afectar la mente del objetivo o para conseguir información sobre él.","24 horas
Toque
Acción",310 MdJ,TRUE,TRUE,FALSE,~,FALSE,FALSE,FALSE,TRUE,FALSE,FALSE,FALSE,FALSE,FALSE,FALSE,FALSE,Directo,"Bardo, Mago"
Moldear la piedra,Stone Shape,4,La piedra toma forma.,"Tocas un objeto de piedra de tamaño Mediano o más pequeño, o una sección de piedra que no mida más de 1,5 m / 5 pies en cualquier dimensión, y lo moldeas como desees. Por ejemplo, podrías convertir una piedra grande en un arma, una estatua o un cofre, o crear un pasaje pequeño a través de una pared con un grosor de 1,5 m / 5 pies. También podrías transformar una puerta de piedra o su marco para dejarla sellada. El objeto que crees puede tener hasta dos bisagras y un pestillo, pero no es posible dotarlo de detalles mecánicos más precisos.
","Instant.
Toque
Acción",311 MdJ,TRUE,TRUE,TRUE,~,FALSE,FALSE,FALSE,FALSE,FALSE,FALSE,FALSE,FALSE,FALSE,FALSE,TRUE,Directo,"Druida, Clerigo, Mago"
Mover la tierra,Move Earttyh,6,La tierra se desplaza.,"Elige un área de terreno de hasta 12 m / 40 pies de lado dentro del alcance. Remodelas tierra, arena o arcilla elevando o bajando la superficie, creando zanjas, pilares o paredes, hasta la mitad de la dimensión del área. Los cambios tardan 10 minutos en completarse y no dañan ni atrapan criaturas. Cada 10 minutos de concentración, puedes elegir una nueva área dentro del alcance. No afecta piedra natural ni construcciones sólidas; rocas o estructuras se mueven si es necesario y podrían colapsar. La tierra movida transporta plantas, pero no altera su crecimiento.
","2 horas
36 m / 120 f / 24 cas
Acción",311 MdJ*,TRUE,TRUE,TRUE,~,FALSE,FALSE,TRUE,FALSE,FALSE,FALSE,FALSE,FALSE,FALSE,FALSE,TRUE,Directo,"Druida, Hechicero, Mago"
Muro de espinas,Wall of Thorns,6,Un muro vivo y hostil.,"Creas una pared de zarzas con espinas dentro del alcance sobre una superficie sólida, dura toda la duración. Puede ser recta de hasta 18 m / 60 pies de largo, 3 m / 10 pies de alto y 1,5 m / 5 pies de espesor, o un círculo de 6 m / 20 pies de diámetro, 6 m / 20 pies de alto y 1,5 m / 5 pies de espesor, bloqueando la línea de visión. Al aparecer, cada criatura en el área realiza una tirada de salvación de Destreza, recibiendo 7d8 daño perforante si falla o la mitad si tiene éxito. Moverse a través de la pared cuesta 4 pies de movimiento por cada pie recorrido y la primera vez que una criatura entra o termina su turno allí hace otra tirada de Destreza, recibiendo el mismo daño. Solo se realiza una tirada por criatura por turno. Con ranura de nivel superior, el daño aumenta 1d8 por nivel por encima de 6.
","10 min
36 m / 120 f / 24 cas
Acción",311 MdJ*,TRUE,TRUE,TRUE,~,FALSE,FALSE,TRUE,FALSE,TRUE,FALSE,FALSE,FALSE,FALSE,FALSE,FALSE,Directo,Druida
Muro de fuego,Wall of Fire,4,Fuego que no deja pasar.,"Creas un muro de fuego sobre una superficie sólida dentro del alcance, que dura toda la duración. Puede ser recto de hasta 18 m / 60 pies de largo, 6 m / 20 pies de alto y 30 cm / 1 pie de grosor, o anillado de hasta 6 m / 20 pies de diámetro, 6 m / 20 pies de alto y 30 cm / 1 pie de grosor. Al aparecer, cada criatura en el área realiza una tirada de salvación de Destreza, recibiendo 5d8 daño de fuego si falla o la mitad si tiene éxito. Un lado del muro, elegido por ti, inflige 5d8 daño de fuego a cualquier criatura que entre, termine su turno a 3 m / 10 pies o menos de ese lado o dentro del muro; el otro lado no inflige daño. Con ranura de nivel superior, el daño aumenta 1d8 por nivel por encima de 4.
","1 min
36 m / 120 f / 24 cas
Acción",311 MdJ*,TRUE,TRUE,TRUE,~,FALSE,FALSE,TRUE,FALSE,FALSE,FALSE,FALSE,TRUE,FALSE,FALSE,FALSE,Directo,"Druida, Hechicero, Mago"
Muro de fuerza,Wall of Force,5,Nada puede atravesarlo ni romperlo.,"Creas un muro de fuerza invisible en un punto que puedas ver dentro del alcance; adopta la orientación que elijas, puede ser horizontal, vertical, en ángulo, flotar o apoyarse en una superficie. Puedes darle forma de cúpula semiesférica o globo de hasta 3 m / 10 pies de radio, o una superficie plana de hasta 10 paneles de 3 m / 10 pies por 3 m / 10 pies, cada panel adyacente a otro. El muro tiene 6 mm / 0,2 pies de grosor y dura mientras mantengas el conjuro. Si aparece atravesando el espacio de una criatura, esta es empujada al lado que elijas. Nada puede atravesarlo físicamente; es inmune a todo daño y no puede disiparse con magia, pero un conjuro desintegrar lo destruye. El muro se extiende al Plano Etéreo e impide el viaje etéreo a través de él.
","10 min
36 m / 120 f / 24 cas
Acción",312 MdJ*,TRUE,TRUE,TRUE,~,FALSE,FALSE,TRUE,FALSE,FALSE,FALSE,FALSE,TRUE,FALSE,FALSE,FALSE,Directo,Mago
Muro de hielo,Wall of Ice,6,El hielo prohibe.,"Creas un muro de hielo sobre una superficie sólida dentro del alcance, con forma de cúpula o globo de hasta 3 m / 10 pies de radio, o una superficie plana de hasta 10 paneles cuadrados de 3 m / 10 pies cada uno, adyacentes entre sí. El muro tiene 30 cm / 1 pie de grosor y dura mientras mantengas el conjuro. Al aparecer, si atraviesa el espacio de una criatura, esta es empujada al lado que elijas y hace salvación de Destreza; sufre 10d6 de daño de frío si falla o la mitad si tiene éxito. El muro es un objeto con CA 12, 30 PG por sección de 3 m / 10 pies, inmunidad a frío, psíquico y veneno, y vulnerabilidad al fuego. Si una sección llega a 0 PG, se destruye y deja una capa de aire gélido; cualquier criatura que la cruce por primera vez en un turno hace salvación de Constitución, sufriendo 5d6 de daño de frío o la mitad si tiene éxito. Con un espacio de nivel superior, el daño al aparecer aumenta 2d6 y el de la capa de aire gélido aumenta 1d6 por cada nivel por encima de 6.
","10 min
36 m / 120 f / 24 cas
Acción",312 MdJ*,TRUE,TRUE,TRUE,~,FALSE,FALSE,TRUE,FALSE,FALSE,FALSE,FALSE,TRUE,FALSE,FALSE,FALSE,Directo,Mago
Muro de piedra,Wall of Stone,5,La roca se alza.,"Creas un muro no mágico de piedra sólida en un punto dentro del alcance, compuesto por diez paneles de 3 m x×3 m / 10 x 10 pies y 15 cm / 6 pulgadas de grosor, o paneles de 3 m x 6 m / 10 x 20 pies con 7,5 cm / 3 pulgadas de grosor. Los paneles deben estar contiguos y fusionarse con piedra existente; el muro puede formar rampas o puentes. Si aparece sobre una criatura, la empujas a un lado; si queda rodeada, puede hacer salvación de Destreza para escapar usando su reacción. Cada panel tiene CA 15, 30 PG / 2,5 cm de grosor, inmune a veneno y psíquico; 0 PG destruye el panel y puede colapsar paneles conectados. Manteniendo concentración todo el tiempo, el muro se vuelve permanente; de lo contrario, desaparece al finalizar el conjuro.
","10 min
36 m / 120 f / 24 cas
Acción",312 MdJ*,TRUE,TRUE,TRUE,~,FALSE,FALSE,TRUE,FALSE,FALSE,FALSE,FALSE,TRUE,FALSE,FALSE,FALSE,Directo,"Druida, Hechicero, Mago"
Muro de viento,Wind Wall,3,Muro de viento.,"Creas un muro de viento intenso en un punto dentro del alcance, de hasta 15 m / 50 pies de largo, 4,5 m / 15 pies de alto y 30 cm / 1 pie de grosor, con la forma que quieras mientras siga el suelo. Dura hasta que termine el conjuro. Al aparecer, las criaturas en el área hacen salvación de Fuerza; fallar recibe 4d8 de daño contundente, éxito la mitad. El muro dispersa niebla, humo y gases; criaturas voladoras Pequeñas o menores, formas gaseosas y proyectiles ligeros no lo atraviesan; materiales sueltos se elevan y proyectiles ordinarios fallan automáticamente. Proyectiles grandes como pedruscos o de asedio no se ven afectados.
","1 min
36 m / 120 f / 24 cas
Acción",312 MdJ*,TRUE,TRUE,TRUE,~,FALSE,FALSE,TRUE,FALSE,FALSE,FALSE,FALSE,TRUE,FALSE,FALSE,FALSE,"TdS Fue,","Druida, Explorador"
Muro prismático,Prismatic Wall,9,Todos los colores del final.,"Un muro de luz multicolor aparece en una pared opaca (hasta 27 m de largo, 9 m de alto y 2,5 cm de grosor) o como esfera de hasta 9 m de diámetro, centrado en un punto que veas dentro del alcance. Permanece mientras dure el conjuro. Si atraviesa el espacio de una criatura al lanzarlo, el conjuro falla.
El muro emite luz brillante en 30 m / 100 pies y luz tenue en 30 m adicionales. Tú y criaturas designadas al lanzarlo podéis atravesarlo sin daño. Otras criaturas que se acerquen a 6 m / 20 pies o inicien su turno ahí deben superar una tirada de salvación de Constitución o quedar cegadas 1 minuto.
El muro tiene siete capas de colores, que se cruzan capa por capa. Cada capa requiere una tirada de salvación de Destreza al intentar atravesarla y puede destruirse de manera específica:
(Revisar la tabla en el MdJ).
","10 mins
18 m / 60 f / 12 cas
Acción",313 MdJ*,TRUE,TRUE,FALSE,~,FALSE,FALSE,FALSE,TRUE,FALSE,FALSE,FALSE,FALSE,FALSE,FALSE,FALSE,Directo,"Bardo, Mago"
Nube aniquiladora,Cloudkill,5,Una nube que destruye.,"Creas una esfera de una niebla amarillo-verdosa de 6 m / 20 pies de radio centrada en un punto dentro del alcance. La niebla dura hasta que el conjuro termine o hasta que la disperse un viento intenso (por ejemplo, el que crea ráfaga de viento), lo que pondrá fin al conjuro. La zona que ocupa está muy oscura.
Todas las criaturas situadas en la esfera hacen una tirada de salvación de Constitución; sufrirán 5d8 de daño de veneno si la fallan o la mitad del daño si la superan. Una criatura también deberá hacer esta tirada cuando la esfera entre en su espacio o cuando la criatura entre en la esfera o termine su turno en ella. Una criatura solo hace esta tirada una vez por turno. La esfera se aleja de ti 3 m / 10 pies al principio de cada uno de tus turnos.
Con un espacio de conjuro de nivel superior. El daño aumenta en 1d8 por cada nivel por encima de 5 que tenga el espacio.
","Hasta 10 min
36 m / 120 f / 24 cas
Acción",313 MdJ,TRUE,TRUE,FALSE,~,FALSE,FALSE,TRUE,FALSE,TRUE,FALSE,FALSE,FALSE,FALSE,FALSE,FALSE,Directo,"Hechicero, Mago"
Nube apestosa,Strinking Cloud,3,El aire se vuelve irrespirable.,"Creas una esfera de gas nauseabundo y amarillento de 6 m / 20 pies de radio centrada en un punto dentro del alcance. La nube está muy oscura y permanece en el aire hasta que el conjuro termine o hasta que la disperse un viento fuerte (por ejemplo, el que crea ráfaga de viento).
Todas las criaturas que comiencen su turno en la esfera deberán superar una tirada de salvación de Constitución o tendrán el estado de envenenadas hasta el final del turno actual. Mientras estén envenenadas de esta forma, no podrán realizar acciones ni acciones adicionales.","1 min
27 m / 90 f / 18 cas
Acción",314 MdJ,TRUE,TRUE,TRUE,~,FALSE,FALSE,TRUE,FALSE,TRUE,FALSE,FALSE,FALSE,FALSE,FALSE,FALSE,Directo,"Bardo, Hechicero, Mago"
Nube de dagas,Cloud of Daggers,2,Cuchillas suspendidas.,"Conjuras dagas giratorias en un cubo de 1,5 m / 10 pies centrado en un punto dentro del alcance. Todas las criaturas situadas en esa zona sufren 4d4 de daño cortante. Una criatura también recibe daño si entra en el cubo, si termina su turno en él o si el cubo entra en su espacio. Una criatura solo sufre este daño una vez por turno.
En tus siguientes turnos, puedes usar una acción de magia para teletransportar el cubo hasta 9 m.
Con un espacio de conjuro de nivel superior. El daño aumenta en 2d4 por cada nivel por encima de 2 que tenga el espacio.","1 min
18 m / 60 f / 12 cas
Acción",314 MdJ,TRUE,TRUE,TRUE,~,FALSE,FALSE,TRUE,FALSE,TRUE,FALSE,FALSE,FALSE,FALSE,FALSE,FALSE,Directo,"Bardo, Brujo, Hechicero, Mago"
Nube de oscurecimiento,Fog Cloud,1,Esfera de oscuridad.,"Creas una esfera de niebla de 6 m / 20 pies de radio centrada en un punto dentro del alcance. La esfera está muy oscura y dura hasta que el conjuro termine o hasta que la disperse un viento fuerte (por ejemplo, el que crea ráfaga de viento).
Con un espacio de conjuro de nivel superior. El radio de la niebla aumenta en 6 m / 20 pies por cada nivel por encima de 1 que tenga el espacio.
","Hasta 1 hora
36 m / 120 f / 24 cas
Acción",314 MdJ,TRUE,TRUE,FALSE,~,FALSE,FALSE,TRUE,FALSE,TRUE,FALSE,FALSE,FALSE,FALSE,FALSE,FALSE,Directo,"Druida, Explorador, Hechicero, Mago"
Nube incendiaria,Incendiary Cloud,8,Fuego que lo consume todo.,"Una nube turbulenta de humo y ascuas llena una esfera de 6 m / 20 pies de radio centrada en un punto dentro del alcance. La zona que ocupa la nube está muy oscura y dura hasta que el conjuro termine o hasta que la disperse un viento fuerte (por ejemplo, el que crea ráfaga de viento).
Cuando aparezca la nube, todas las criaturas dentro de ella harán una tirada de salvación de Destreza; sufrirán 10d8 de daño de fuego si la fallan o la mitad del daño si la superan. Una criatura también deberá hacer esta tirada cuando la esfera entre en su espacio o cuando la criatura entre en la esfera o termine su turno en ella. Una criatura solo hace esta tirada una vez por turno.
La nube se aleja de ti 3 m / 10 pies en la dirección que elijas al principio de cada uno de tus turnos.

","1 min
45 m / 150 f / 30 cas
Acción",314 MdJ,TRUE,TRUE,FALSE,~,FALSE,FALSE,TRUE,FALSE,TRUE,FALSE,FALSE,FALSE,FALSE,FALSE,FALSE,Directo,"Druida, Hechicero, Mago"
Ofuscación,Befuddlement,8,Confundir sin ser visto.,"Atacas la mente de una criatura que puedas ver dentro del alcance. El objetivo hace una tirada de salvación de Inteligencia.
Si la falla, sufrirá 10d12 de daño psíquico y no podrá lanzar conjuros ni realizar acciones de magia. Al final de cada 30 días, el objetivo repite la tirada de salvación y, si tiene éxito, se librará del efecto. También se puede finalizar este efecto mediante un conjuro curar, deseo o restablecimiento mayor.
Si supera la tirada, solo sufrirá la mitad de ese daño.","Instant.
45 m / 150 f / 30 cas
Acción",314 MdJ,TRUE,TRUE,TRUE,~,FALSE,FALSE,FALSE,FALSE,FALSE,FALSE,TRUE,FALSE,FALSE,FALSE,FALSE,TdS Int.,"Bardo, Druida, Brujo, Mago"
Ojo arcano,Arcane Eye,4,La visión que todo lo ve.,"Creas un ojo invisible e invulnerable dentro del alcance que levita hasta que el conjuro termine. Recibes mentalmente información visual desde el ojo, que puede mirar en cualquier dirección y tiene visión en la oscuridad hasta 9 m / 30 pies.
Como acción adicional, puedes mover el ojo hasta 9 m / 30 pies en cualquier dirección. El ojo no podrá atravesar una barrera sólida, pero podrá pasar por cualquier abertura de 2,5 cm de diámetro como mínimo.
","1 hora
9 m / 30 f / 6 cas
Acción",314 MdJ,TRUE,TRUE,TRUE,~,FALSE,FALSE,TRUE,FALSE,FALSE,TRUE,FALSE,FALSE,FALSE,FALSE,FALSE,Directo,Mago
Ola atronadora,Thunderwave,1,Una explosión de fuerza.,"Desatas una ola de energía atronadora. Todas las criaturas situadas en un cubo de 4,5 m / 15 pies de lado adyacente a ti harán una tirada de salvación de Constitución. Si la fallan, recibirán 2d8 de daño de trueno y serán empujadas 3 m / 10 pies respecto a ti. Si la superan, solo sufrirán la mitad de ese daño. Además, a los objetos sueltos que estén completamente dentro del cubo se les empujará 3 m respecto a ti y la explosión atronadora podrá oírse a 90 m / 300 pies de distancia.
Con un espacio de conjuro de nivel superior. El daño aumenta en 1d8 por cada nivel por encima de 1 que tenga el espacio.","Instant.
Lanzador
Acción",315 MdJ,TRUE,TRUE,FALSE,~,FALSE,FALSE,FALSE,FALSE,FALSE,FALSE,FALSE,TRUE,FALSE,FALSE,FALSE,TdS Con.,"Bardo, Druida, Hechicero, Mago"
Ola destructora,Destructive Wave,5,"La energia arrasa todo a su paso.
","Una energía destructiva surge de ti formando ondas en una emanación de 9 m / 30 pies. Las criaturas que elijas dentro de la emanación realizan una tirada de salvación de Constitución. Si la fallan, sufrirán 5d6 de daño de trueno, 5d6 de daño radiante o necrótico (a tu elección) y tendrán el estado de derribadas. Si la superan, solamente recibirán la mitad de ese daño.","Instant.
Lanzador
Acción",315 MdJ,FALSE,TRUE,FALSE,~,FALSE,FALSE,FALSE,FALSE,FALSE,FALSE,FALSE,TRUE,FALSE,FALSE,FALSE,TdS Con.,Paladín
Orbe cromático,Chromatic orb,1,Energía de todos los colores.,"Lanzas un orbe de energía a un objetivo dentro del alcance. Elige entre ácido, frío, fuego, relámpago, trueno o veneno para el tipo de orbe creado y después haz un ataque de conjuro a distancia contra el objetivo. Si acierta, el objetivo recibe 3d8 de daño del tipo elegido.
Si sacas el mismo número en dos o más de los d8, el orbe salta a otro objetivo distinto de tu elección que esté a 9 m / 30 pies o menos del objetivo. Haz una tirada de ataque contra el nuevo objetivo y otra tirada de daño. El orbe no puede volver a saltar, a menos que lances el conjuro con un espacio de nivel 2 o superior.
Con un espacio de conjuro de nivel superior. El daño aumenta en 1d8 por cada nivel por encima de 1 que tenga el espacio. El orbe puede saltar un máximo de veces igual al nivel del espacio gastado. Una criatura solo puede ser el objetivo una vez por cada lanzamiento del conjuro.
","Instant.
27 m / 90 f / 18 cas
Acción",315 MdJ,TRUE,TRUE,TRUE,50 po,TRUE,FALSE,FALSE,FALSE,FALSE,FALSE,FALSE,TRUE,FALSE,FALSE,FALSE,D20+ata.conj.,"Hechicero, Mago"
Orden imperiosa,Command,1,Una orden absoluta.,"Ordenas con una palabra a una criatura que puedas ver dentro del alcance. El objetivo debe superar una tirada de salvación de Sabiduría o seguir la orden en su siguiente turno. Órdenes posibles: Acércate: se mueve hacia ti y termina el turno si queda a menos de 1,5 metros / 5 pies; Suelta: suelta lo que lleva y termina el turno; Huye: pasa el turno alejándose de ti por la ruta más rápida; Póstrate: queda Derribado y termina el turno; Detente: no se mueve ni realiza acciones ni acción bonus. Con un espacio de conjuro de nivel superior puedes afectar a una criatura adicional por cada nivel por encima de 1.
","Instant.
18 m / 60 f / 12 cas
Acción",316 MdJ*,FALSE,TRUE,FALSE,~,FALSE,FALSE,FALSE,FALSE,FALSE,FALSE,TRUE,FALSE,FALSE,FALSE,FALSE,TdS Sab.,"Bardo, Clerigo, Paladín"
Oscuridad,Darkness,2,La luz se apaga.,"Hasta que el conjuro termine, una oscuridad mágica se propaga desde un punto dentro del alcance y llena una esfera de 4,5 m / 15 pies de radio. La visión en la oscuridad no puede ver a través de ella y la luz no mágica no puede alumbrarla.
Como alternativa, lanzas el conjuro sobre un objeto que no lleve o vista nadie, lo que hará que la oscuridad llene una emanación de 4,5 m / 15 pies que se origina en él. Cubrir el objeto con algo opaco, como un cuenco o un casco, bloqueará la oscuridad.
Si cualquier zona del conjuro se superpone con una zona de luz brillante o luz tenue creada por un conjuro de nivel 2 o inferior, el conjuro que creó esa luz se disipa.
","10 min
18 m / 60 f / 12 cas
Acción",316 MdJ,FALSE,TRUE,TRUE,~,FALSE,FALSE,TRUE,FALSE,FALSE,FALSE,FALSE,TRUE,FALSE,FALSE,FALSE,Directo,"Brujo, Hechicero, Mago"
Palabra de curación,Healing Word,1,Sanar con una palabra.,"Una criatura de tu elección que puedas ver dentro del alcance recupera una cantidad de puntos de golpe igual a 2d4 más tu modificador por aptitud mágica.
Con un espacio de conjuro de nivel superior. La curación aumenta en 2d4 por cada nivel por encima de 1 que tenga el espacio.","Instant.
18 m / 60 f / 12 cas
Acción adicional",316 MdJ,FALSE,TRUE,FALSE,~,FALSE,FALSE,FALSE,TRUE,FALSE,FALSE,FALSE,FALSE,FALSE,FALSE,FALSE,Directo,"Bardo, Druida, Clerigo"
Palabra de curación en masa,Mass Healing Word,3,Sanar a muchos con una palabra.,"Hasta seis criaturas de tu elección que puedas ver dentro del alcance recuperan una cantidad de puntos de golpe igual a 2d4 más tu modificador por aptitud mágica.
Con un espacio de conjuro de nivel superior. La curación aumenta en 1d4 por cada nivel por encima de 3 que tenga el espacio.","Instant.
18 m / 60 f / 12 cas
Acción adicional",316 MdJ,FALSE,TRUE,FALSE,~,FALSE,FALSE,FALSE,TRUE,FALSE,FALSE,FALSE,FALSE,FALSE,FALSE,FALSE,Directo,"Bardo, Clerigo"
Palabra de poder: aturdir,Power Word Stun,8,Una sílaba que paraliza.,"Abrumas la mente de una criatura que puedas ver dentro del alcance. Si el objetivo tiene 150 puntos de golpe o menos, tendrá el estado de aturdido. De lo contrario, su velocidad será 0 hasta el principio de tu siguiente turno.
El objetivo aturdido hace una tirada de salvación de Constitución al final de cada uno de sus turnos y, si tiene éxito, se librará del estado.","Instant.
18 m / 60 f / 12 cas
Acción",316 MdJ,FALSE,TRUE,FALSE,~,FALSE,FALSE,FALSE,FALSE,FALSE,FALSE,TRUE,FALSE,FALSE,FALSE,FALSE,Directo,"Bardo, Brujo, Hechicero, Mago"
Palabra de poder: fortalecer,Power Word Fortify,7,Una sílaba que refuerza.,"Refuerzas a hasta seis criaturas que puedas ver dentro del alcance. El conjuro proporciona 120 puntos de golpe temporales, que divides entre los objetivos.","Instant.
18 m / 60 f / 12 cas
Acción",316 MdJ,FALSE,TRUE,FALSE,~,FALSE,FALSE,FALSE,FALSE,FALSE,FALSE,TRUE,FALSE,FALSE,FALSE,FALSE,Directo,"Bardo, Clerigo"
Palabra de poder: matar,Power Word Kill,9,Una sílaba mortal.,"Obligas a morir a una criatura que puedas ver dentro del alcance. Si el objetivo tiene 100 puntos de golpe o menos, morirá. De lo contrario, sufrirá 12d12 de daño psíquico.","Instant.
18 m / 60 f / 12 cas
Acción",317 MdJ,FALSE,TRUE,FALSE,~,FALSE,FALSE,FALSE,FALSE,FALSE,FALSE,TRUE,FALSE,FALSE,FALSE,FALSE,Directo,"Bardo, Brujo, Hechicero, Mago"
Palabra de poder: sanar,Power Word Heal,9,Una sílaba salvadora.,"Una criatura que puedas ver dentro del alcance se ve envuelta por una oleada de energía sanadora. El objetivo recupera todos sus puntos de golpe. Si la criatura tiene los estados de asustada, aturdida, envenenada, hechizada o paralizada, los estados terminan. Si la criatura tiene el estado de derribada, puede usar su reacción para levantarse.","Instant.
18 m / 60 f / 12 cas
Acción",317 MdJ,FALSE,TRUE,FALSE,~,FALSE,FALSE,FALSE,FALSE,FALSE,FALSE,TRUE,FALSE,FALSE,FALSE,FALSE,Directo,"Bardo, Clerigo"
Palabra de regreso,Word of Recall,6,Un regreso impuesto.,"Tú y hasta cinco criaturas voluntarias a 1,5 m / 5 pies o menos de ti os teletransportáis al instante a un santuario designado previamente. Tú y cualquier criatura que se teletransporte contigo apareceréis en el espacio sin ocupar más cercano al punto designado al preparar el santuario (consulta más adelante). Si lanzas este conjuro sin preparar antes un santuario, no tiene ningún efecto.
Debes designar un lugar como santuario lanzando este conjuro allí; por ejemplo, en un templo.
","Instant.
1,5 m / 5 f / 1 cas
Acción",317 MdJ,TRUE,FALSE,FALSE,~,FALSE,FALSE,FALSE,FALSE,TRUE,FALSE,FALSE,FALSE,FALSE,FALSE,FALSE,Directo,Clerigo
Palabra de resplandor,Word of Radiance,Truco,Un estallido de luz.,"Un fulgor ardiente surge de ti en una emanación de 1,5 m / 5 pies. Todas las criaturas de tu elección que puedas ver en ella deberán superar una tirada de salvación de Constitución o sufrirán 1d6 de daño radiante.
Mejora de truco. El daño aumenta en 1d6 cuando alcanzas los niveles 5 (2d6), 11 (3d6) y 17 (4d6).
","Instant.
Lanzador
Acción",317 MdJ,FALSE,TRUE,TRUE,~,FALSE,FALSE,FALSE,FALSE,FALSE,FALSE,FALSE,TRUE,FALSE,FALSE,FALSE,TdS Con.,Clerigo
Palabra divina,Divine Word,7,La voz de un dios castiga.,"Susurras una palabra imbuida con el poder de los Planos Superiores. Todas las criaturas de tu elección dentro del alcance realizan una tirada de salvación de Carisma. Si la fallan, los objetivos que tengan 50 puntos de golpe o menos sufrirán un efecto en función de sus puntos de golpe actuales, de los de la siguiente tabla. Con independencia de sus puntos de golpe, cualquier objetivo celestial, elemental, feérico o infernal que falle su tirada de salvación se verá forzado a regresar a su plano de origen (si no está en él ya) y no podrá regresar al plano actual durante 24 horas por cualquier medio que no sea un conjuro deseo
41-50 Tiene el estado de ensordecido durante 1 minuto.
31-40 Tiene los estados de cegado y ensordecido durante 10 minutos.
21-30 Tiene los estados de aturdido, cegado y ensordecido durante 1 hora.
0-20 Muere.
","Instant.
9 m / 30 f / 6 cas
Acción adicional",317 MdJ,TRUE,FALSE,FALSE,~,FALSE,FALSE,FALSE,FALSE,FALSE,FALSE,FALSE,TRUE,FALSE,FALSE,FALSE,TdS Car.,Clerigo
Parar el tiempo,Time Stop,9,El mundo se detiene.,"Detienes el paso del tiempo brevemente para todo el mundo menos para ti. Para las demás criaturas, el tiempo no avanza, mientras que tú puedes llevar a cabo 1d4 + 1 turnos seguidos, durante los cuales puedes usar acciones y moverte con normalidad.
Este conjuro termina si una de las acciones que usas o uno de los efectos que creas durante este periodo afecta a una criatura que no seas tú o a un objeto que lleve o vista alguien que no seas tú. También termina si te mueves a un sitio que esté a más de 300 m / 1000 pies del lugar donde lo lanzaste.
","Instant.
Lanzador
Acción",317 MdJ,FALSE,TRUE,FALSE,~,FALSE,FALSE,FALSE,FALSE,FALSE,FALSE,FALSE,FALSE,FALSE,FALSE,TRUE,Directo,"Hechicero, Mago"
Pasamuros,Passwall,5,Cruzar paredes como si no existieran.,"Aparece un pasaje en un punto que puedas ver en una superficie de madera, yeso o piedra (como una pared, un techo o un suelo) dentro del alcance y se mantiene hasta que termine el conjuro. Tú eliges las dimensiones de la abertura: hasta 1,5 m / 45 pies de ancho, 2,4 m / 8 pies de alto y 6 m / 20 pies de largo. El pasaje no crea ninguna inestabilidad en la estructura que lo rodea.
Cuando la abertura desaparece, las criaturas o los objetos que sigan en el pasaje creado por el conjuro serán expulsados sin daño alguno al espacio sin ocupar más cercano a la superficie sobre la que lanzaste el conjuro.
","1 hora
9 m / 30 f / 6 cas
Acción",317 MdJ,TRUE,TRUE,TRUE,~,FALSE,FALSE,FALSE,FALSE,FALSE,FALSE,FALSE,FALSE,FALSE,FALSE,TRUE,Directo,Mago
Pasar sin rastro,Passwithout Trace,2,Moverse sin dejar huella.,"Hasta que el conjuro termine, irradias un aura de ocultación en una emanación de 9 m / 30 pies. Mientras permanezcáis dentro, las criaturas que elijas y tú tendréis un bonificador de +10 a las pruebas de Destreza (Sigilo) y no dejaréis huellas.
","1 hora
Lanzador
Acción",318 MdJ,TRUE,TRUE,TRUE,~,FALSE,FALSE,TRUE,TRUE,FALSE,FALSE,FALSE,FALSE,FALSE,FALSE,FALSE,Directo,"Druida, Explorador"
Paso arbóreo,Tree Stride,5,Los árboles abren caminos.,"Obtienes la capacidad de entrar en un árbol y moverte desde dentro al interior de otro árbol del mismo tipo que esté a 150 m / 500 pies o menos. Ambos árboles tienen que estar vivos y ser al menos del mismo tamaño que tú. Para entrar en un árbol debes gastar 1,5 m / 5 pies de movimiento. Al instante conoces la ubicación de todos los demás árboles del mismo tipo situados a 150 m / 500 pies o menos y, como parte del movimiento gastado para entrar en el árbol, puedes pasar al interior de uno de esos árboles o salir del árbol en el que estás. Apareces en un punto de tu elección a 1,5 m / 5 pies o menos del árbol de destino gastando otros 1,5 m / 5 pies de movimiento. Si no te queda movimiento, apareces a 1,5 m / 5 pies o menos del árbol en el que entraste.
Puedes usar esta capacidad de transporte solo una vez en cada uno de tus turnos y debes terminar cada turno fuera de un árbol.
","1 min
Lanzador
Acción",318 MdJ,TRUE,TRUE,FALSE,~,FALSE,FALSE,TRUE,TRUE,FALSE,FALSE,FALSE,FALSE,FALSE,FALSE,FALSE,Directo,"Druida, Explorador"
Paso brumoso,Misty Step,2,Un paso entre brumas.,Una niebla plateada te rodea brevemente y te teletransportas hasta 9 m / 30 pies a un espacio sin ocupar que puedas ver.,"Instant.
Lanzador
Acción adicional",318 MdJ,FALSE,TRUE,FALSE,~,FALSE,FALSE,FALSE,FALSE,TRUE,FALSE,FALSE,FALSE,FALSE,FALSE,FALSE,Directo,"Brujo, Hechicero, Mago"
Patrón hipnótico,Hypnotic Pattern,3,Un patrón que atrapa la mente.,"Creas un patrón de colores que se retuercen en un cubo de 9 m / 30 pies de lado dentro del alcance. El patrón aparece uninstante y se desvanece. Todas las criaturas de la zona que puedan ver el patrón deberán superar una tirada de salvación de Sabiduría o tendrán el estado de hechizadas hasta que termine el conjuro. Mientras estén hechizadas, las criaturas tendrán una velocidad de 0 y el estado de incapacitadas.
El conjuro finaliza para una criatura afectada si esta recibe daño o si alguien más emplea una acción para sacudir a dicha criatura y sacarla de su estupor.","1 min
36 m / 120 f / 24 cas
Acción",318 MdJ,TRUE,TRUE,TRUE,~,FALSE,FALSE,TRUE,FALSE,FALSE,FALSE,FALSE,FALSE,TRUE,FALSE,FALSE,Directo,"Bardo, Brujo, Hechicero, Mago"
Pequeña choza de Leomund,Leomund's Tiny Hut,3,Refugio perfecto.,"Creas una Emanación de 3 m / 10 pies a tu alrededor que permanece inmóvil mientras dura el conjuro; debe encapsular completamente a todas las criaturas en su área al lanzarlo. Las criaturas y objetos dentro pueden moverse libremente; los demás no pueden atravesarla. Conjuros de nivel 3 o inferior no pueden atravesarla ni afectar su interior. El ambiente dentro es agradable y seco, con Luz tenue u Oscuridad a tu elección sin usar acción. La Emanación es opaca por fuera del color que elijas y transparente por dentro. El conjuro termina si sales de ella o la lanzas de nuevo.
","8 horas
Lanzador
1 min o un ritual",319 MdJ*,TRUE,TRUE,TRUE,~,FALSE,TRUE,FALSE,FALSE,FALSE,FALSE,FALSE,TRUE,FALSE,FALSE,FALSE,Directo,"Bardo, Mago"
Perdición,Bane,1,La mala suerte acecha.,"Hasta tres criaturas de tu elección a las que puedas ver dentro del alcance deberán hacer una tirada de salvación de Carisma cada una. Siempre que un objetivo que haya fallado esta tirada de salvación haga una tirada de ataque o de salvación antes de que termine el conjuro, deberá restar 1d4 al resultado de dicha tirada.
Con un espacio de conjuro de nivel superior. Puedes hacer objetivo a una criatura adicional por cada nivel por encima de 1 que tenga el espacio.","1 min
9 m / 30 f / 6 cas
Acción",319 MdJ,TRUE,TRUE,TRUE,~,FALSE,FALSE,TRUE,FALSE,FALSE,FALSE,TRUE,FALSE,FALSE,FALSE,FALSE,TdS Car.,"Bardo, Clerigo, Brujo"
Piedad con los moribundos,Spare the Dying,Truco,Ayuda al borde de la muerte.,"Elige a una criatura dentro del alcance que tenga 0 puntos de golpe y no esté muerta. La criatura pasa a estar estable.
Mejora de truco. El alcance se duplica cuando alcanzas los niveles 5 (9 m / 30 pies), 11 (18 m / 60 pies) y 17 (36 m / 120 pies).
","Instant.
4,5 m / 15 f / 3 cas
Acción",319 MdJ,TRUE,TRUE,FALSE,~,FALSE,FALSE,FALSE,FALSE,FALSE,FALSE,FALSE,FALSE,FALSE,TRUE,FALSE,Directo,"Druida, Clerigo"
Piel pétrea,Stoneskin,4,Resistencia a daño físico.,"Hasta que el conjuro termine, una criatura voluntaria a la que toques tiene resistencia al daño contundente, cortante y perforante.","1 hora
Toque
Acción",319 MdJ,TRUE,TRUE,TRUE,100 po*,TRUE,FALSE,TRUE,FALSE,FALSE,FALSE,FALSE,FALSE,FALSE,FALSE,TRUE,Directo,"Druida, Explorador, Hechicero, Mago"
Piel robliza,Barkskin,2,La piel se vuelve corteza.,"Tocas a una criatura voluntaria. Hasta que el conjuro termine, la piel del objetivo adopta una apariencia de corteza y su clase de armadura no podrá ser inferior a 17.","1 hora
Toque
Acción adicional",319 MdJ,TRUE,TRUE,TRUE,~,FALSE,FALSE,FALSE,FALSE,FALSE,FALSE,FALSE,FALSE,FALSE,FALSE,TRUE,Directo,"Druida, Explorador"
Plaga de insectos,Insect Plague,5,Un enjambre devastador.,"Un enjambre de langostas llena una esfera de 6 m / 20 pies de radio centrada en un punto de tu elección dentro del alcance. Permanece hasta que termine el conjuro y la zona se considera ligeramente oscura y terreno difícil. Cuando aparezca el enjambre, todas las criaturas dentro de él harán una tirada de salvación de Constitución; sufrirán 4d10 de daño perforante si la fallan o la mitad del daño si la superan. Una criatura también hará esta tirada cuando entre en el área del conjuro por primera vez en un turno o termine su turno allí. Una criatura solo hace esta tirada una vez por turno. Con un espacio de conjuro de nivel superior. El daño aumenta en 1d10 por cada nivel por encima de 5 que tenga el espacio.
","10 min
90 m / 300 f / 60 cas
Acción",319 MdJ,TRUE,TRUE,TRUE,~,FALSE,FALSE,TRUE,FALSE,TRUE,FALSE,FALSE,FALSE,FALSE,FALSE,FALSE,Directo,"Druida, Clerigo, Hechicero"
Plegaria de curación,Prayer of Healing,2,La fe sana con tiempo.,"Hasta cinco criaturas de tu elección que permanezcan dentro del alcance del conjuro durante todo su lanzamiento obtienen los beneficios de un descanso corto y también recuperan 2d8 puntos de golpe. Las criaturas no pueden volver a beneficiarse de este conjuro hasta que finalicen un descanso largo.
Con un espacio de conjuro de nivel superior. La curación aumenta en 1d8 por cada nivel por encima de 2 que tenga el espacio.
","Instant.
9 m / 30 f / 6 cas
10 min",319 MdJ,FALSE,TRUE,FALSE,~,FALSE,FALSE,FALSE,TRUE,FALSE,FALSE,FALSE,FALSE,FALSE,FALSE,FALSE,Directo,"Clerigo, Paladín"
Poliformar,Polymorph,4,Cambiar de forma.,"Transformas una criatura que puedas ver dentro del alcance en una bestia; debe superar una tirada de salvación de Sabiduría o cambiar a la forma de una bestia de VD igual o menor que la suya. Conserva alineamiento, personalidad, tipo, puntos de golpe y dados de golpe, pero su perfil se sustituye por el de la bestia. Obtiene puntos de golpe temporales iguales a los de la bestia; el conjuro termina si se agotan. La criatura está limitada por la anatomía de la nueva forma, no puede hablar ni lanzar conjuros, y su equipo se fusiona con la forma sin poder usarlo ni beneficiarse de él.
","1 hora
18 m / 60 f / 12 cas
Acción",320 MdJ*,TRUE,TRUE,TRUE,~,FALSE,FALSE,TRUE,FALSE,FALSE,FALSE,FALSE,FALSE,FALSE,FALSE,TRUE,TdS Sab.,"Bardo, Druida, Hechicero, Mago"
Poliformar verdadero,True Polymorph,9,Ser otra cosa para siempre.,"Transformas una criatura u objeto que veas en otra criatura o en un objeto mientras dure tu concentración, hasta 0 puntos de golpe o muerte. Una criatura no voluntaria puede salvarse con Sabiduría.
• Criatura a criatura: nueva forma con VD igual o menor, conserva alineamiento y personalidad, asume puntos de golpe de la forma, limitada por su anatomía, no puede hablar, lanzar conjuros ni usar equipo.
• Objeto a criatura: tamaño ≤ objeto y VD ≤ 9, amistosa contigo, actúa en tus turnos según tu decisión; permanente pierde control.
• Criatura a objeto: se transforma con su equipo, adopta estadísticas del objeto y no recuerda el tiempo transformada.","1 hora
9 m / 30 f / 6 cas
Acción",320 MdJ*,TRUE,TRUE,TRUE,~,FALSE,FALSE,TRUE,FALSE,FALSE,FALSE,FALSE,FALSE,FALSE,FALSE,TRUE,Directo,"Bardo, Brujo, Mago"
Portal,Gate,9,Abrir un umbral.,"Conjuras un portal circular que conecta un espacio desocupado que ves dentro del alcance con una ubicación precisa en otro plano de existencia; el portal puede tener entre 5 y 20 pies de diámetro (1,5 a 6 m), lo orientas como quieras, dura la duración y permite ver el destino a través de él. Cada portal tiene un frente y una espalda en ambos planos y solo se puede viajar atravesando el frente; cualquier criatura u objeto que lo cruce se transporta instantáneamente al otro plano y aparece en el espacio desocupado más cercano al portal. Deidades u otras reglas planarias pueden impedir que el portal se abra en su presencia o dominios. Al lanzarlo, puedes decir el nombre real de una criatura específica en otro plano para que el portal se abra junto a ella y la transporte al espacio desocupado más cercano a tu lado del portal; no obtienes control alguno sobre la criatura y actúa libremente según decida el director de juego.
","1 min
18 m / 60 f / 12 cas
Acción",320 MdJ*,TRUE,TRUE,TRUE,5000 po,TRUE,FALSE,TRUE,FALSE,TRUE,FALSE,FALSE,FALSE,FALSE,FALSE,FALSE,Directo,"Brujo, Clerigo, Hechicero, Mago"
Protección contra el bien y el mal,Protection from Evil and Good,1,Un escudo contra influencias.,"Hasta que el conjuro termine, una criatura voluntaria a la que toques estará protegida contra aberraciones, celestiales, elementales, feéricos, infernales o muertos vivientes. La protección concede varios beneficios. Las criaturas de esos tipos tendrán desventaja en las tiradas de ataque contra el objetivo. El objetivo tampoco puede ser poseído por las criaturas ni obtener los estados de asustado o hechizado a causa de ellas. Si el objetivo ya está asustado, hechizado o poseído por una criatura de estos tipos, dicho objetivo tendrá ventaja en cualquier nueva tirada de salvación contra el efecto correspondiente.","10 min
Toque
Acción",322 MdJ,TRUE,TRUE,TRUE,25 po*,TRUE,FALSE,TRUE,TRUE,FALSE,FALSE,FALSE,FALSE,FALSE,FALSE,FALSE,Directo,"Druida, Clerigo, Brujo, Mago, Paladín"
Potenciar característica,Enhance Ability,2,El cuerpo supera sus límites.,"Tocas a una criatura y eliges Fuerza, Destreza, Inteligencia, Sabiduría o Carisma. Hasta que termine el conjuro, el objetivo tiene ventaja en las pruebas con la característica elegida.
Con un espacio de conjuro de nivel superior. Puedes hacer objetivo a una criatura adicional por cada nivel por encima de 2 que tenga el espacio. Puedes elegir una característica distinta para cada objetivo.","1 hora
Toque
Acción",321 MdJ,TRUE,TRUE,TRUE,~,FALSE,FALSE,TRUE,FALSE,FALSE,FALSE,FALSE,FALSE,FALSE,FALSE,TRUE,Directo,"Bardo, Druida, Clerigo, Explorador, Hechicero, Mago, Paladín"
Presciencia,Foresight,9,Imponer presencia.,"Tocas a una criatura voluntaria y la dotas de una capacidad limitada de ver el futuro inmediato. Hasta que el conjurotermine, el objetivo tendrá ventaja en las pruebas con d20 y las demás criaturas tendrán desventaja en las tiradas de ataque contra él. El conjuro termina antes si lo vuelves a lanzar.","8 horas
Toque
1 min",321 MdJ,TRUE,TRUE,TRUE,~,FALSE,FALSE,FALSE,FALSE,FALSE,TRUE,FALSE,FALSE,FALSE,FALSE,FALSE,Directo,"Bardo, Druida, Brujo, Mago"
Presencia regia de Yolande,Yolande's Regal Presence,5,La realeza se impone.,"Te rodeas de una majestuosidad sobrenatural en una Emanación de 3 metros. Siempre que la Emanación entre en el espacio de una criatura que puedas ver, y siempre que una criatura que puedas ver entre en la Emanación o termine su turno allí, puedes obligar a esa criatura a realizar una tirada de salvación de Sabiduría. Si la falla, el objetivo recibe 4d6 de daño psíquico y tiene el estado Derribado, y puedes empujarlo hasta 3 metros de ti. Si la supera, el objetivo solo recibe la mitad del daño. Una criatura realiza esta tirada de salvación solo una vez por turno.
","1 min
Lanzador
Acción",321 MdJ*,TRUE,TRUE,TRUE,~,FALSE,FALSE,TRUE,FALSE,FALSE,FALSE,TRUE,FALSE,FALSE,FALSE,FALSE,Directo,"Bardo, Mago"
Prestidigitación,Prestidigitation,Truco,Pequeña magia cotidiana.,"Creas un efecto mágico dentro del alcance y puedes tener hasta tres efectos no instantáneos activos a la vez. Puedes elegir: efecto sensorial instantáneo e inofensivo como chispas, viento, sonido o olor; encender o apagar una vela, antorcha o pequeña fogata; limpiar o ensuciar un objeto de hasta 0,03 m cubicos; enfriar, calentar o aromatizar hasta 0,03 m cubicos de material inerte durante 1 hora; hacer aparecer un color, marca o símbolo en un objeto o superficie durante 1 hora; crear un abalorio no mágico o imagen ilusoria en tu mano hasta el final de tu siguiente turno, sin daño ni valor monetario.
","Hasta 1 hora
3 m / 10 f / 2 cas
Acción",321 MdJ*,TRUE,TRUE,FALSE,~,FALSE,FALSE,FALSE,FALSE,FALSE,FALSE,FALSE,FALSE,FALSE,FALSE,TRUE,Directo,"Bardo, Brujo, Hechicero, Mago"
Prohibición,Forbiddance,6,Nadie cruza este umbral.,"Prohibición crea una barrera que cubre 4000 m² / 13000 pies² hasta 9 m / 30 pies de altura, impidiendo teletransportarse, usar portales o acceder mediante Plano Astral, Plano Etéreo, Parajes Feéricos, Páramo Sombrío o desplazamiento entre planos. Puedes elegir uno o varios tipos de criatura: aberraciones, celestiales, elementales, feéricos, infernales o muertos vivientes; cada criatura elegida que entre o termine su turno en la zona recibe 5d10 de daño radiante o necrótico según tu elección al lanzar el conjuro. Puedes establecer una contraseña que exima a las criaturas que la pronuncien. La zona no puede superponerse con otra creada por el mismo conjuro. Si lanzas prohibición diariamente durante 30 días en la misma ubicación, el efecto se vuelve permanente hasta disiparse y los componentes materiales se consumen en el último lanzamiento.
","1 dia
Toque
10 min o ritual",322 MdJ*,TRUE,TRUE,TRUE,1000 po,TRUE,TRUE,FALSE,TRUE,FALSE,FALSE,FALSE,FALSE,FALSE,FALSE,FALSE,Directo,Clerigo
Protección contra energía,Protection from Energy,3,Reducir el daño elemental.,"Hasta que termine el conjuro, una criatura voluntaria a la que toques tendrá resistencia a un tipo de daño de tu elección: ácido, frío, fuego, relámpago o trueno.","1 hora
Toque
Acción",322 MdJ,TRUE,TRUE,FALSE,~,FALSE,FALSE,TRUE,TRUE,FALSE,FALSE,FALSE,FALSE,FALSE,FALSE,FALSE,Directo,"Druida, Clerigo, Explorador, Hechicero, Mago"
Protección contra veneno,Protection from Poison,2,Cura veneno y potencia a la criatura.,"Tocas a una criatura y pones fin al estado de envenenada silo sufre. Hasta que termine el conjuro, el objetivo tiene ventaja en las tiradas de salvación para evitar o poner fin al estado de envenenado y resistencia al daño de veneno.","1 hora
Toque
Acción",322 MdJ,TRUE,TRUE,FALSE,~,FALSE,FALSE,FALSE,TRUE,FALSE,FALSE,FALSE,FALSE,FALSE,FALSE,FALSE,Directo,"Druida, Clerigo, Explorador, Paladín"
Proyección astral,Astral Projection,9,Viajar más allá del cuerpo.,"Proyectas tu cuerpo astral y el de hasta ocho criaturas voluntarias dentro del alcance al Plano Astral; el hechizo termina si ya estás en ese plano. Los cuerpos quedan atrás en animación suspendida: inconscientes, sin necesidad de comer ni respirar y sin envejecer. La forma astral se parece al cuerpo y replica sus estadísticas y posesiones, con un cordón plateado que sale de los omóplatos y desaparece tras 30 cm; si se corta, cuerpo y forma astral mueren. Las formas astrales pueden moverse por el Plano Astral; al salir, el cuerpo y las posesiones viajan por el cordón y el objetivo reaparece en su cuerpo en el nuevo plano. Daño o efectos sobre la forma astral no afectan al cuerpo y viceversa. Si cuerpo o forma astral llegan a 0 puntos de golpe, el hechizo termina para ese objetivo; el hechizo termina para todos si tomas una acción mágica para descartarlo. Al terminar el hechizo, los objetivos que no murieron regresan a sus cuerpos y salen del estado de animación suspendida.
","Hasta que sea disipado
3 m / 10 f / 2 cas
1 hora",322 MdJ*,TRUE,TRUE,TRUE,1100 po/u*,TRUE,FALSE,FALSE,FALSE,FALSE,FALSE,FALSE,FALSE,FALSE,TRUE,FALSE,Directo,"Brujo, Clerigo, Mago"
Proyectar imagen,Project Image,7,Una copia que actúa.,"Creas una copia ilusoria de ti mismo dentro del alcance que dura la duración y puede aparecer en cualquier lugar que hayas visto, atravesando obstáculos. La ilusión se parece y suena a ti, es intangible y desaparece si recibe daño. Puedes ver y oír a través de ella y como acción mágica moverla hasta 60 pies/18 m, hacerla gesticular, hablar o comportarse como quieras. La interacción física revela que es ilusión y una criatura puede descubrirlo con una prueba de Inteligencia (Investigación) frente a tu CD; si lo hace, ve a través de la imagen y sus sonidos le resultan huecos.
","1 día
750 km
Acción",323 MdJ*,TRUE,TRUE,TRUE,5 po,TRUE,FALSE,TRUE,FALSE,FALSE,FALSE,FALSE,FALSE,TRUE,FALSE,FALSE,Directo,"Bardo, Mago"
Proyectil mágico,Magic Missile,1,Misiles que siempre aciertan.,"Creas tres dardos brillantes de fuerza mágica y cada uno de ellos golpea a una criatura de tu elección a la que puedas ver dentro del alcance. Cada dardo inflige 1d4 +1 de daño de fuerza al objetivo. Todos los dardos aciertan a la vez y puedes dirigirlos para que acierten a una sola criatura o a varias.
Con un espacio de conjuro de nivel superior. El conjuro crea un dardo adicional por cada nivel por encima de 1 que tenga el espacio.","Instant.
36 m / 120 f / 24 cas
Acción",323 MdJ,TRUE,TRUE,FALSE,~,FALSE,FALSE,FALSE,FALSE,FALSE,FALSE,FALSE,TRUE,FALSE,FALSE,FALSE,Directo,"Hechicero, Mago"
Puerta arcana,Arcane Gate,6,Abrir puertas imposibles.,"Creas portales de teletransporte enlazados. Elige dos espacios Grandes sin ocupar en el suelo que puedas ver, uno dentro del alcance y el otro a 3 m o menos de ti. Un portal circular se abre en cada uno de dichos espacios y permanece hasta que el conjuro termine.
Los portales son anillos bidimensionales, brillantes y cubiertos de una niebla que tapa la vista, y levitan a pocos centímetros del suelo, perpendiculares a él.
Cada portal solo se abre para un lado (tú decides cuál).
Todo lo que entre por el lado abierto de un portal sale por el lado abierto del otro como si estuvieran adyacentes entre sí. Como acción adicional, puedes cambiar la orientación de los lados abiertos.","10 min
150 m / 500 f / 100 cas
Acción",324 MdJ,TRUE,TRUE,FALSE,~,FALSE,FALSE,TRUE,FALSE,TRUE,FALSE,FALSE,FALSE,FALSE,FALSE,FALSE,Directo,"Brujo, Hechicero, Mago"
Puerta dimensional,Dimension Door,4,Un salto imposible.,"Te teletransportas a un lugar dentro del alcance y llegas exactamente al punto deseado, que puede ser visible, visualizado o descrito con distancia y dirección, como '60 m abajo' o '90 m arriba al noroeste a 45'. Puedes teletransportar a una criatura voluntaria que esté a 1,5 m / 5 pies  de ti, llevándola a un espacio dentro de 1,5 m / 5 pies  de tu destino. Si tú o la criatura llegáis a un espacio ocupado o lleno, recibís 4d6 de daño de fuerza y el teletransporte falla.
","Instant.
150 m / 500 f / 100 cas
Acción",324 MdJ*,FALSE,TRUE,FALSE,~,FALSE,FALSE,FALSE,FALSE,TRUE,FALSE,FALSE,FALSE,FALSE,FALSE,FALSE,Directo,"Bardo, Brujo, Hechicero, Mago"
Purificar comida y bebida,Purify Food and Drink,1,Limpiar lo impuro.,"Eliminas el veneno y la podredumbre de la comida y bebida no mágicas en una esfera de 1,5 m de radio centrada en un punto dentro del alcance.","Instant.
3 m / 10 f / 2 cas
Acción o ritual",324 MdJ,TRUE,TRUE,FALSE,~,FALSE,TRUE,FALSE,FALSE,FALSE,FALSE,FALSE,FALSE,FALSE,FALSE,TRUE,Directo,"Druida, Clerigo, Paladín"
Ráfaga de viento,Gust of Wind,2,El viento empuja.,"De ti surge una ráfaga de viento fuerte en una línea recta de 18 m / 60 pies de largo y 3 m / 10 pies de ancho en la dirección que elijas hasta que termine el conjuro. Todas las criaturas en esa línea deberán superar una tirada de salvación de Fuerza o serán empujadas 4,5 m / 15 pies en la dirección de la línea. Las criaturas que terminen su turno en ella también deberán hacer la tirada de salvación.
Cualquier criatura que esté en la línea deberá gastar 2 m / 7,5 pies de movimiento por cada metro que se mueva para acercarse a ti.
La ráfaga dispersa el gas o el vapor y apaga velas y otras llamas desprotegidas de la zona. Hace que las llamas protegidas, como las de los faroles, se agiten salvajemente y tienen un 50 % de probabilidad de apagarse.
Como acción adicional en tus siguientes turnos, puedes cambiar la dirección en la que la línea surge de ti.
","1 min
Lanzador
Acción",324 MdJ,TRUE,TRUE,TRUE,~,FALSE,FALSE,TRUE,FALSE,FALSE,FALSE,FALSE,TRUE,FALSE,FALSE,FALSE,TdS Fue.,"Druida, Explorador, Hechicero, Mago"
Ralentizar,Slow,3,El tiempo se espesa.,"Alteras el tiempo en un cubo de 12 m para hasta seis criaturas a tu elección dentro del alcance. Cada objetivo debe superar una tirada de salvación de Sabiduría o quedar afectado hasta que termine el conjuro. Su velocidad se reduce a la mitad, recibe -2 a CA y a salvaciones de Destreza, no puede usar reacciones, y solo puede tomar una acción o acción bonus por turno, realizando un ataque solo si usa la acción de atacar. Con componentes somáticos, hay 25 % de probabilidad de fallo. El objetivo repite la tirada de salvación al final de cada turno para librarse del conjuro.
","1 min
36 m / 120 f / 24 cas
Acción",324 MdJ*,TRUE,TRUE,TRUE,~,FALSE,FALSE,TRUE,FALSE,FALSE,FALSE,FALSE,FALSE,FALSE,FALSE,TRUE,TdS Sab.,"Bardo, Hechicero, Mago"
Rayo abrasador,Scorching Ray,2,Fuego certero.,"Lanzas tres rayos ígneos. Puedes lanzarlos contra un objetivo dentro del alcance o varios. Realizas un ataque de conjuro a distancia por cada rayo. Si acierta, el objetivo recibe 2d6 de daño de fuego.
Con un espacio de conjuro de nivel superior. Creas un rayo adicional por cada nivel de espacio de conjuro superior a 2.","Instant.
36 m / 120 f / 24 cas
Acción",324 MdJ,TRUE,TRUE,FALSE,~,FALSE,FALSE,FALSE,FALSE,FALSE,FALSE,FALSE,TRUE,FALSE,FALSE,FALSE,D20+ata.conj.,"Hechicero, Mago"
Rayo de escarcha,Ray of Frost,Truco,El frío muerde.,"Lanzas un rayo helado de luz blanquiazul hacia una criatura dentro del alcance. Haz un ataque de conjuro a distancia contra el objetivo. Si acierta, el objetivo recibe 1d8 de daño de frío y su velocidad se reduce en 3 m / 10 pies hasta el principio de tu siguiente turno.
Mejora de truco. El daño aumenta en 1d8 cuando alcanzas los niveles 5 (2d8), 11 (3d8) y 17 (4d8).","Instant.
18 m / 60 f / 12 cas
Acción",325 MdJ,TRUE,TRUE,FALSE,~,FALSE,FALSE,FALSE,FALSE,FALSE,FALSE,FALSE,TRUE,FALSE,FALSE,FALSE,D20+ata.conj.,"Hechicero, Mago"
Rayo de hechicería,Witch Bolt,1,Energía en estado puro.,"Un rayo de energía chisporroteante sale disparado hacia una criatura dentro del alcance, formando un arco constante similar a un relámpago entre el objetivo y tú. Haz un ataque de conjuro a distancia contra él. Si acierta, el objetivo sufre 2d12 de daño de relámpago.
En cada uno de tus siguientes turnos, puedes emplear una acción adicional para causar 1d12 de daño de relámpago al objetivo automáticamente, incluso si el primer ataque falla.
El conjuro termina si en algún momento el objetivo queda fuera del alcance del conjuro o si consigue tener cobertura completa respecto a ti.
Con un espacio de conjuro de nivel superior. El daño inicial aumenta en 1d12 por cada nivel por encima de 1 que tenga el espacio.","1 min
18 m / 60 f / 12 cas
Acción",325 MdJ,TRUE,TRUE,TRUE,~,FALSE,FALSE,TRUE,FALSE,FALSE,FALSE,FALSE,TRUE,FALSE,FALSE,FALSE,D20+ata.conj.,"Brujo, Hechicero, Mago"
Rayo de luna,Moonbeam,2,La luna quema.,"Creas un rayo de luz plateada en un Cilindro de 1,50 m / 5 pies de radio y 12 m / 40 pies de alto en un punto dentro del alcance. Llena el área de Luz tenue mientras dura el conjuro, y puedes moverlo hasta 18 m / 60 pies usando una acción de magia. Al aparecer, cada criatura dentro hace salvación de Constitución; si falla, recibe 2d10 de daño radiante y cualquier cambio de forma se revierte, no pudiendo transformarse mientras permanezca en el Cilindro. Si tiene éxito, recibe la mitad de daño. La salvación se repite solo una vez por turno cuando entra, termina turno o el área se mueve sobre ella. Con ranura superior, el daño aumenta 1d10 por nivel por encima de 2.
","1 min
36 m / 120 f / 24 cas
Acción",326 MdJ*,TRUE,TRUE,TRUE,~,FALSE,FALSE,TRUE,FALSE,FALSE,FALSE,FALSE,TRUE,FALSE,FALSE,FALSE,Directo,Druida
Rayo debilitador,Ray of Enfeeblement,2,La fuerza se disuelve.,"Un haz de energía debilitadora surge de ti hacia una criatura dentro del alcance. El objetivo deberá hacer una tirada de salvación de Constitución. Si la supera, tendrá desventaja en la siguiente tirada de ataque que haga hasta el principio de tu siguiente turno.
Si la falla, tendrá desventaja en las pruebas con d20 basadas en la Fuerza hasta que termine el conjuro. Durante ese tiempo, también restará 1d8 a todas las tiradas de daño que haga. El objetivo repetirá la tirada de salvación al final de cada uno de sus turnos y, si tiene éxito, se librará del conjuro.
","1 min
18 m / 60 f / 12 cas
Acción",326 MdJ,TRUE,TRUE,FALSE,~,FALSE,FALSE,TRUE,FALSE,FALSE,FALSE,FALSE,FALSE,FALSE,TRUE,FALSE,TdS Con.,"Brujo, Mago"
Rayo nauseabundo,Ray of Sickness,1,"Asco hecho rayo,","Disparas un rayo verduzco hacia una criatura dentro del alcance. Haz un ataque de conjuro a distancia contra el objetivo. Si acierta, el objetivo sufrirá 2d8 de daño de veneno y tendrá el estado de envenenado hasta el final de tu siguiente turno.
Con un espacio de conjuro de nivel superior. El daño aumenta en 1d8 por cada nivel por encima de 1 que tenga el espacio.","Instant.
18 m / 60 f / 12 cas
Acción",326 MdJ,TRUE,TRUE,FALSE,~,FALSE,FALSE,FALSE,FALSE,FALSE,FALSE,FALSE,FALSE,FALSE,TRUE,FALSE,D20+ata.conj.,"Hechicero, Mago"
Rayo solar,Sunbeam,6,Un rayo del sol.,"Lanzas un rayo solar en una línea de 1,5 m / 5 pies de ancho y 18 m / 60 pies de largo. Todas las criaturas situadas en esa línea harán una tirada de salvación de Constitución. Si la fallan, recibirán 6d8 de daño radiante y tendrán el estado de cegadas hasta el principio de tu siguiente turno. Si la superan, recibirán solo la mitad de daño.
Hasta que el conjuro termine, puedes emplear una acción de magia para crear una nueva línea de luz radiante. 
Hasta que termine el conjuro, por encima de ti brillará una mota radiante que emite luz brillante en un radio de 9 m / 30 pies y luz tenue 9 m / 30 pies más allá. Esta luz es luz solar.
","1 min
Lanzador
Acción",326 MdJ,TRUE,TRUE,TRUE,~,FALSE,FALSE,TRUE,FALSE,FALSE,FALSE,FALSE,TRUE,FALSE,FALSE,FALSE,TdS Con.,"Druida, Clerigo, Hechicero, Mago"
Recado,Sending,3,Un encargo sencillo.,"Envías un mensaje mental de hasta 25 palabras a una criatura que conozcas o que alguien te haya descrito. El objetivo te reconoce si te conoce y puede responder de inmediato. El mensaje puede cruzar planos, con 5 % de fallo si está en otro plano. Sabes si falla. El objetivo puede bloquearte 8 horas; si intentas enviar otro mensaje mientras esté bloqueado, el conjuro falla.
","Instant.
Ilimitado
Acción",326 MdJ*,TRUE,TRUE,TRUE,~,FALSE,FALSE,FALSE,FALSE,FALSE,TRUE,FALSE,FALSE,FALSE,FALSE,FALSE,Directo,"Bardo, Clerigo, Mago"
Recluir,Sequester,7,Encerrar sin posibilidad de escape.,"Con un toque, recluyes mágicamente un objeto o a una criatura voluntaria. Hasta que el conjuro termine, el objetivo tiene el estado de invisible y no puede ser objetivo de conjuros de adivinación, detectado con magia ni observado desde lejos mediante magia.
Si el objetivo es una criatura, entra en un estado de animación suspendida: tiene el estado de inconsciente, no envejece y no necesita aire, beber ni comer.
Puedes establecer una condición para que el conjuro termine antes de tiempo, que puede ser cualquier cosa que elijas, pero debe ocurrir o ser visible a 1,5 km / 4921 pies o menos del objetivo. Por ejemplo, 'cuando transcurran 1000 años' o 'cuando se despierte la tarasca'. Este conjuro también termina si el objetivo recibe cualquier daño.","Hasta que sea disipado
Toque
Acción",326 MdJ,TRUE,TRUE,TRUE,5000 po*,TRUE,FALSE,FALSE,FALSE,FALSE,FALSE,FALSE,FALSE,FALSE,FALSE,TRUE,Directo,Mago
Reencarnar,Reincarnate,5,Volver en otra piel.,"Tocas un humanoide muerto o restos de uno. Si la criatura no lleva muerta más de 10 días, el conjuro le forma un nuevo cuerpo e invoca el alma para que entre en él. Tira 1d10 y consulta la tabla a continuación para determinar la especie del cuerpo, o el DM elige otra especie jugable.
1d10        Especie
1        Aasimar
2        Dracónido
3        Enano
4        Elfo
5        Gnomo
6        Goliat
7        Mediano
8        Humano
9        Orco
10        Tiefling

La criatura reencarnada elige cualquier opción que ofrezca la descripción de la especie y recuerda su vida anterior. Conserva las capacidades que tenía en su forma original, pero pierde los rasgos de su especie anterior y adquiere los de la nueva.","Instant.
Toque
1 hora",327 MdJ,TRUE,TRUE,TRUE,1000 po*,TRUE,FALSE,FALSE,FALSE,FALSE,FALSE,FALSE,FALSE,FALSE,TRUE,FALSE,Directo,Druida
Regenerar,Regenerate,7,El cuerpo se rehace.,"Una criatura a la que toques recupera 4d8 + 15 puntos de golpe. Hasta que el conjuro termine, el objetivo recupera 1 punto de golpe al principio de cada uno de sus turnos y los miembros cercenados crecen de nuevo al cabo de 2 minutos.","1 hora
Toque
1 min",327 MdJ,TRUE,TRUE,TRUE,~,FALSE,FALSE,FALSE,FALSE,FALSE,FALSE,FALSE,FALSE,FALSE,FALSE,TRUE,Directo,"Bardo, Druida, Clerigo"
Relámpago,Lightning Bolt,3,El cielo se parte.,"Un relámpago que forma una línea de 30 m / 100 pies de largo y 1,5 m / 5 pies de ancho surge de ti en la dirección que elijas. Todas las criaturas situadas en esa línea deberán hacer una tirada de salvación de Destreza; sufrirán 8d6 de daño de relámpago si la fallan o la mitad del daño si la superan.
Con un espacio de conjuro de nivel superior. El daño aumenta en 1d6 por cada nivel por encima de 3 que tenga el espacio.","Instant.
Lanzador
Acción",327 MdJ,TRUE,TRUE,TRUE,~,FALSE,FALSE,FALSE,FALSE,FALSE,FALSE,FALSE,TRUE,FALSE,FALSE,FALSE,TdS Des.,"Hechicero, Mago"
Relámpago en cadena,Chain Lightning,6,El rayo salta.,"Lanzas un relámpago hacia un objetivo que puedas ver dentro del alcance. A continuación, de ese objetivo surgirán otros tres relámpagos dirigidos a otros tantos objetivos de tu elección, cada uno de los cuales deberá estar a 9 m / 30 pies o menos del primero. Un objetivo puede ser una criatura o un objeto y solo puede ser objetivo de uno de los relámpagos.
Cada objetivo hace una tirada de salvación de Destreza; sufrirá 10d8 de daño de relámpago si la falla o la mitad del daño si la supera.
Con un espacio de conjuro de nivel superior. Surge un relámpago adicional del primer objetivo a otro objetivo por cada nivel por encima de 6 que tenga el espacio.
","Instant.
45 m / 150 f / 30 cas
Acción",327 MdJ,TRUE,TRUE,TRUE,~,FALSE,FALSE,FALSE,FALSE,FALSE,FALSE,FALSE,TRUE,FALSE,FALSE,FALSE,TdS Des.,"Hechicero, Mago"
Reparar,Mending,Truco,Arreglar lo roto.,"Este conjuro repara una sola grieta o desgarrón en un objeto que toques, como un eslabón roto en una cadena, las dos mitades de una llave partida, una capa rasgada o una fuga en una bota de vino. Mientras la grieta o el desgarrón no tenga más de 30 cm de tamaño en ninguna de sus dimensiones, lo arreglarás sin dejar rastro del daño.
Este conjuro puede reparar el componente físico de un objeto mágico, pero no puede restaurar su magia.","Instant.
Toque
1 min",327 MdJ,TRUE,TRUE,TRUE,~,FALSE,FALSE,FALSE,FALSE,FALSE,FALSE,FALSE,FALSE,FALSE,FALSE,TRUE,Directo,"Bardo, Druida, Clerigo, Hechicero, Mago"
Reprensión infernal,Hellish Rebuke,1,El infierno responde.,"La criatura que te ha dañado se ve rodeada momentáneamente por unas llamas verdes y hará una tirada de salvación de Destreza; sufrirá 2d10 de daño de fuego si la falla o la mitad del daño si la supera.
Con un espacio de conjuro de nivel superior. El daño aumenta en 1d10 por cada nivel por encima de 1 que tenga el espacio.
","Instant.
18 m / 60 f / 12 cas
Reacción, alguien dentro
del alcance te daña",328 MdJ,TRUE,TRUE,FALSE,~,FALSE,FALSE,FALSE,FALSE,FALSE,FALSE,FALSE,TRUE,FALSE,FALSE,FALSE,TdS Des.,Brujo
Resistencia,Resistance,Truco,La fe endurece.,"Tocas a una criatura voluntaria y eliges un tipo de daño: ácido, contundente, cortante, frío, fuego, necrótico, perforante, radiante, relámpago, trueno o veneno. Cuando la criatura sufra daño del tipo elegido antes de que termine el conjuro, reduce el daño total recibido en 1d4. Una criatura solo puede beneficiarse de este conjuro una vez por turno.
","1 min
Toque
Acción",328 MdJ,TRUE,TRUE,FALSE,~,FALSE,FALSE,TRUE,TRUE,FALSE,FALSE,FALSE,FALSE,FALSE,FALSE,FALSE,Directo,"Druida, Clerigo"
Respirar bajo el agua,Water Breathing,3,Modo Aquaman.,"Este conjuro concede a hasta diez criaturas voluntarias que elijas dentro del alcance la capacidad de respirar bajo el agua hasta que el conjuro termine. Las criaturas afectadas también conservan su modo de respiración normal.
","24 h.
9 m / 30 f / 6 cas
Acción o Ritual",328 MdJ,TRUE,TRUE,TRUE,~,FALSE,TRUE,FALSE,FALSE,FALSE,FALSE,FALSE,FALSE,FALSE,FALSE,TRUE,Directo,"Druida, Explorador, Hechicero, Mago"
Restablecimiento mayor,Greater Restoration,5,Sanar lo más profundo.,"Tocas a una criatura y eliminas mágicamente uno de los siguientes efectos de ella:
• 1 nivel de cansancio.
• Los estados de hechizado o petrificado.
• Una maldición, incluida la sintonización del objetivo con un objeto mágico maldito.
• Cualquier reducción de una de las puntuaciones de característica del objetivo.
• Cualquier reducción de los puntos de golpe máximos del objetivo.
","Instant.
Toque
Acción",328 MdJ,TRUE,TRUE,TRUE,100 po*,TRUE,FALSE,FALSE,TRUE,FALSE,FALSE,FALSE,FALSE,FALSE,FALSE,FALSE,Directo,"Bardo, Druida, Clerigo, Explorador, Paladín"
Restablecimiento menor,Lesser Restoration,2,Volver a empezar.,"Tocas a una criatura y le pones fin a un estado que tenga: cegada, ensordecida, envenenada o paralizada.","Instant.
Toque
Acción adicional",329 MdJ,TRUE,TRUE,FALSE,~,FALSE,FALSE,FALSE,TRUE,FALSE,FALSE,FALSE,FALSE,FALSE,FALSE,FALSE,Directo,"Bardo, Druida, Clerigo, Explorador, Paladín"
Resurreción,Resurrection,7,La vida regresa.,"Tocas a un cadáver que falleció hace menos de 100 años, no murió por edad y no era un no muerto. Si el alma es libre y voluntaria, vuelve a la vida con todos sus puntos de golpe. El conjuro neutraliza venenos y enfermedades normales, pero no maldiciones ni enfermedades mágicas; estas afectan al objetivo si no se eliminan antes. Cierra heridas mortales y restablece partes faltantes. El objetivo recibe -4 a tiradas de ataque, salvaciones y pruebas de característica, que se reduce 1 tras cada descanso prolongado hasta desaparecer. Si la criatura ha estado muerta un año o más, lanzar el conjuro impide lanzar otros conjuros y provoca desventaja en ataques, salvaciones y pruebas hasta terminar un descanso prolongado.
","Instant.
Toque
1 hora",329 MdJ*,TRUE,TRUE,TRUE,1000 po*,TRUE,FALSE,FALSE,FALSE,FALSE,FALSE,FALSE,FALSE,FALSE,TRUE,FALSE,TdS Sab.,"Bardo, Clerigo"
Resurrección verdadera,True Resurrection,9,Volver del final definitivo.,"Tocas a una criatura que no lleve más de 200 años muerta y que falleciera por cualquier motivo menos de vieja. La criatura revive con todos sus puntos de golpe.
Este conjuro cierra todas las heridas, neutraliza cualquier veneno, cura todas las enfermedades mágicas y levanta las maldiciones que afectaran a la criatura cuando murió. También sustituye los órganos y las extremidades que le falten o sufrieran daños. Si la criatura era un muerto viviente, la resucitará con su forma normal.
El conjuro puede proporcionar un nuevo cuerpo si el original ya no existe, en cuyo caso debes pronunciar el nombre de la criatura. A continuación, esta aparecerá en un espacio sin ocupar que elijas a 3 m / 10 pies o menos de ti.","Instant.
Toque
1 hora",329 MdJ,TRUE,TRUE,TRUE,25000 po*,TRUE,FALSE,FALSE,FALSE,FALSE,FALSE,FALSE,FALSE,FALSE,TRUE,FALSE,Directo,"Druida, Clerigo"
Retirada expeditiva,Expeditious Retreat,1,Huir más rápido.,"Realizas la acción de correr y, hasta que el conjuro termine, puedes volver a hacerla como acción adicional.","10 min
Lanzador
Acción adicional",329 MdJ,TRUE,TRUE,FALSE,~,FALSE,FALSE,TRUE,FALSE,FALSE,FALSE,FALSE,FALSE,FALSE,FALSE,TRUE,Directo,"Brujo, Hechicero, Mago"
Revivir,Revivify,3,Una segunda oportunidad.,Tocas a una criatura que haya muerto en el último minuto. La criatura revive con 1 punto de golpe. Este conjuro no puede revivir a una criatura que haya muerto de vieja ni devolverle las partes del cuerpo que haya perdido.,"Instant.
Toque
Acción",329 MdJ,TRUE,TRUE,TRUE,300 po*,TRUE,FALSE,FALSE,FALSE,FALSE,FALSE,FALSE,FALSE,FALSE,TRUE,FALSE,Directo,"Druida, Clerigo, Explorador, Paladín"
Risa horrible de Tasha,Tasha's Hideous Laughter,1,La risa domina.,"Una criatura de tu elección, que puedas ver dentro del alcance, realiza una tirada de salvación de Sabiduría. Si falla, tiene los estados Derribado e Incapacitado hasta que termine el conjuro. Durante ese tiempo, ríe sin control si es capaz de reír, y no puede poner fin a su estado de Derribado.
Al final de cada turno y cada vez que recibe daño, realiza otra tirada de salvación de Sabiduría. El objetivo tiene Ventaja en la tirada si esta se activa por daño. Si la supera, el conjuro termina.
Con un espacio de conjuro de nivel superior. Puedes seleccionar una criatura adicional por cada nivel de espacio de conjuro superior a 1.","1 min
9 m / 30 f / 6 cas
Acción",329 MdJ*,TRUE,TRUE,TRUE,~,FALSE,FALSE,TRUE,FALSE,FALSE,FALSE,TRUE,FALSE,FALSE,FALSE,FALSE,TdS Sab.,"Bardo, Brujo, Mago"
Rociada de color,Color Spray,1,Un estallido de colores.,"Emites una ráfaga de luces brillantes y parpadeantes de múltiples colores. Todas las criaturas situadas en un cono de 4,5 m / 15 pies que se origina en ti deberán superar una tirada de salvación de Constitución o tendrán el estado de cegadas hasta el final de tu siguiente turno.","Instant.
Lanzador
Acción",330 MdJ,TRUE,TRUE,TRUE,~,FALSE,FALSE,FALSE,FALSE,FALSE,FALSE,FALSE,FALSE,TRUE,FALSE,FALSE,TdS Con.,"Bardo, Hechicero, Mago"
Rociada prismática,Prismatic Spray,7,El caos hecho luz.,"Ocho rayos de luz surgen de tu mano en un cono de 18 m / 60 pies. Todas las criaturas situadas en el cono hacen una tirada de salvación de Destreza. Por cada objetivo, tira 1d8 para determinar qué rayo de color le afecta y consulta la tabla.

1d8
1
2
3
4
5
6
7
8

Color
Rojo
Naranja
Amarillo
Verde
Azul
Añil
Violeta
Especial

Si falla la tirada
12d6 de fuego.
12d6 de ácido.
12d6 de relámpago.
12d6 de veneno.
12d6 de frío.
Estado apresado, al final de turnos TdS Con., 3 aciertos se libera, 3 fallos petrificado.
Estado cegado, al inicio de tu turno TdS Sab.,
si falla teleport a otro plano, si acierta se libera.
Dos rayos alcanzan al objetivo. Tira dos veces y repite los resultados de 8.

Si supera (solo los de daño).
La mitad del daño.
La mitad del daño.
La mitad del daño.
La mitad del daño.
La mitad del daño.","Instant.
Lanzador
Acción",330 MdJ*,TRUE,TRUE,FALSE,~,FALSE,FALSE,FALSE,FALSE,FALSE,FALSE,FALSE,TRUE,FALSE,FALSE,FALSE,TdS Des.,"Bardo, Hechicero, Mago"
Rociada venenosa,Poison Spray,Truco,Veneno en el aire.,"Rocías a una criatura dentro del alcance con una niebla tóxica. Haz un ataque de conjuro a distancia contra el ojetivo. Si acierta, el objetivo recibe 1d12 de daño de veneno.
Mejora de truco. El daño aumenta en 1d12 cuando alcanzas los niveles 5 (2d12), 11 (3d12), 17 (4d12).
","Instant.
9 m / 30 f / 6 cas
Acción",330 MdJ,TRUE,TRUE,FALSE,~,FALSE,FALSE,FALSE,FALSE,FALSE,FALSE,FALSE,FALSE,FALSE,TRUE,FALSE,D20+ata.conj.,"Druida, Brujo, Hechicero, Mago"
Saber druídico,Druidcraft,Truco,Los secretos druidas hablan.,"Susurras a los espíritus de la naturaleza y produces uno de los siguientes efectos dentro del alcance.
Sensor climático. Creas un efecto sensorial Diminuto  e inofensivo que predice el clima que habrá en tu ubicación durante las siguientes 24 horas. El efecto se manifiesta como un orbe dorado para cielos despejados, una nube para la lluvia, copos de nieve para la nieve, etc. Este efecto persiste durante 1 asalto.
Florecer. Haces que, al instante, una flor florezca, una vaina de semillas se abra o el brote de una hoja germine.
Efecto sensorial. Creas un efecto sensorial inofensivo, como hojas cayendo, hadas espectrales bailando, una suave brisa, el sonido de un animal o un leve olor a mofeta. El efecto debe caber en un cubo de 1,5 m / 5 pies de lado.
Jugar con fuego. Enciendes o apagas una vela, una antorcha o una fogata.","Instant.
9 m / 30 f / 6 cas
Acción",330 MdJ,TRUE,TRUE,FALSE,~,FALSE,FALSE,FALSE,FALSE,FALSE,FALSE,FALSE,FALSE,FALSE,FALSE,TRUE,Directo,Druida
Saeta guía,Guiding Bolt,1,La luz señala al enemigo,"Lanzas un rayo de luz hacia una criatura dentro del alcance. Haz un ataque de conjuro a distancia contra el objetivo. Si acierta, el objetivo recibirá 4d6 de daño radiante y la siguiente tirada de ataque contra él antes del final de tu siguiente turno tendrá ventaja.
Con un espacio de conjuro de nivel superior. El daño aumenta en 1d6 por cada nivel por encima de 1 que tenga el espacio.
","1 asalto
36 m / 120 f / 24 cas
Acción",331 MdJ,TRUE,TRUE,FALSE,~,FALSE,FALSE,FALSE,FALSE,FALSE,FALSE,FALSE,TRUE,FALSE,FALSE,FALSE,D20+ata.conj.,Clerigo
Salpicadura ácida,Acid Splash,Truco,Ácido que salpica.,"Creas una burbuja ácida en un punto dentro del alcance, donde explotará en una esfera de 1,5 m / 5 pies de radio. Todas las criaturas situadas en la esfera deberán superar una tirada de salvación de Destreza o sufrirán 1d6 de daño de ácido.
Mejora de truco. El daño aumenta en 1d6 cuando alcanzas los niveles 5 (2d6), 11 (3d6) y 17 (4d6).
","Instant.
18 m / 60 f / 12 cas
Acción",331 MdJ,TRUE,TRUE,FALSE,~,FALSE,FALSE,FALSE,FALSE,FALSE,FALSE,FALSE,TRUE,FALSE,FALSE,FALSE,TdS Des.,"Hechicero, Mago"
Salto,Jumo,1,Salto potenciado.,"Tocas a una criatura voluntaria. Una vez en cada uno de sus turnos hasta que el conjuro termine, la criatura puede saltar hasta 9 m / 30 pies usando 3 m / 10 pies de movimiento.
Con un espacio de conjuro de nivel superior. Puedes hacer objetivo a una criatura adicional por cada nivel por encima de 1 que tenga el espacio.
","1 min
Toque
Acción adicional",331 MdJ,TRUE,TRUE,TRUE,~,FALSE,FALSE,FALSE,FALSE,FALSE,FALSE,FALSE,FALSE,FALSE,FALSE,TRUE,Directo,"Druida, Explorador, Hechicero, Mago"
Sanctasanctórum privado de Mordenkainen,Mordenkainen's Private Sanctum,4,Un refugio seguro solo para ti.,"Lanzas una protección mágica crea un cubo de 1,5 a 30 m / 5 a 100 pies de lado que dura mientras mantengas el conjuro y bloquea propiedades mágicas según tu elección: el sonido no atraviesa la barrera, la zona parece oscura y con niebla impidiendo la visión incluso con visión en la oscuridad, los sensores de adivinación no pueden funcionar ni atravesar la barrera, las criaturas no pueden ser objetivo de adivinación, nada puede teletransportarse dentro o fuera y el viaje interplanar está bloqueado. Si lanzas el conjuro diariamente en el mismo lugar durante 365 días, el efecto dura hasta ser disipado.
Con un espacio superior a 4, el cubo aumenta 30 m / 100 pies por cada nivel adicional.
","24 horas
36 m / 120 f / 24 cas
10 min",331 MdJ*,TRUE,TRUE,TRUE,~,FALSE,FALSE,FALSE,FALSE,FALSE,FALSE,FALSE,FALSE,FALSE,FALSE,FALSE,Directo,Mago
Santuario,Sanctuary,1,Un refugio sagrado.,"Proteges a una criatura que esté dentro del alcance. Hasta que el conjuro termine, cualquier criatura que haga objetivo a la criatura protegida con un ataque o un conjuro que inflija daño deberá superar primero una tirada de salvación de Sabiduría; de lo contrario, elegirá un nuevo objetivo o perderá el ataque o conjuro. Este conjuro no protege a la criatura contra los efectos de área. El conjuro termina si la criatura protegida hace una tirada de ataque, lanza un conjuro o inflige daño.
","1 min
9 m / 30 f / 6 cas
Acción adicional",332 MdJ,TRUE,TRUE,TRUE,~,FALSE,FALSE,FALSE,TRUE,FALSE,FALSE,FALSE,FALSE,FALSE,FALSE,FALSE,Directo,Clerigo
Semiplano,Demiplane,8,Un espacio fuera del mundo.,"Creas una puerta media sombra en una superficie plana dentro del alcance que se abre y cierra, conectando con un demiplano vacío de 9 m de lado, de madera o piedra. Al terminar el hechizo, la puerta desaparece; los objetos y criaturas dentro permanecen, a menos que opten por salir por la puerta mientras se desvanece, aterrizando prone en los espacios desocupados más cercanos al anterior. Puedes crear un nuevo demiplano o conectar la puerta a uno previo propio o, si conoces su contenido, a un demiplano creado por otra criatura.
","1 hora
18 m / 60 f / 12 cas
Acción",332 MdJ*,TRUE,FALSE,FALSE,~,FALSE,FALSE,FALSE,FALSE,TRUE,FALSE,FALSE,FALSE,FALSE,FALSE,FALSE,Directo,"Brujo, Hechicero, Mago"
Sentidos de la bestia,Beast Sense,2,Usas los sentidos de una bestia.,"Tocas a una bestia voluntaria. Hasta que el conjuro termine, puedes percibir a través de los sentidos de la bestia, así como de los tuyos. Cuando percibes a través de ella, te beneficias de cualquier sentido especial que tenga.
","1 h.
Toque
Acción o Ritual",332 MdJ,TRUE,FALSE,FALSE,~,FALSE,TRUE,TRUE,FALSE,FALSE,TRUE,FALSE,FALSE,FALSE,FALSE,FALSE,Directo,"Druida, Explorador"
Señal de esperanza,Beacon of Hope,3,La esperanza se afianza.,"Elige cualquier cantidad de criaturas dentro del alcance. Hasta que el conjuro termine, todos los objetivos tienen ventaja en sus tiradas de salvación de Sabiduría y sus tiradas de salvación contra muerte, y también recuperan la cantidad máxima posible de puntos de golpe en cualquier curación.
","1 min
9 m / 30 f / 6 cas
Acción",332 MdJ,TRUE,TRUE,FALSE,~,FALSE,FALSE,TRUE,TRUE,FALSE,FALSE,FALSE,FALSE,FALSE,FALSE,FALSE,Directo,Clerigo
Shillelagh,Shillelagh,Truco,La madera cobra poder.,"Un bastón o un garrote que sostengas se ve impregnado del poder de la naturaleza. Hasta que termine el conjuro, puedes usar tu aptitud mágica en lugar de tu Fuerza para las tiradas de ataque y de daño de tus ataques cuerpo a cuerpo usando esa arma y el dado de daño pasa a ser un d8. Si el ataque inflige daño, puede ser de fuerza o del tipo de daño normal del arma (a tu elección).
El conjuro termina antes de tiempo si lo vuelves a lanzar o si sueltas el arma.
Con un espacio de conjuro de nivel superior. El dado de daño cambia cuando alcanzas los niveles 5 (d10), 11 (d12) y 17 (2d6).
","1 min
Lanzador
Acción adicional",332 MdJ,TRUE,TRUE,TRUE,~,FALSE,FALSE,FALSE,FALSE,FALSE,FALSE,FALSE,FALSE,FALSE,FALSE,TRUE,Directo,Druida
Silencio,Silence,2,El sonido desaparece.,"Hasta que termine el conjuro, creas una esfera de 6 m de radio centrada en un punto de tu elección dentro del alcance. Ningún sonido podrá atravesarla ni originarse en su interior. Toda criatura u objeto tiene inmunidad al daño de trueno si se halla completamente dentro de la esfera, y las criaturas tienen el estado de ensordecidas en su interior. Dentro de ella es imposible lanzar conjuros que tengan un componente verbal.","10 min
36 m / 120 f / 24 cas
Acción o ritual",332 MdJ,TRUE,TRUE,FALSE,~,FALSE,TRUE,TRUE,FALSE,FALSE,FALSE,FALSE,FALSE,TRUE,FALSE,FALSE,Directo,"Bardo, Clerigo, Explorador"
Símbolo,Symbol,7,Un símbolo que condena.,"Inscribes un glifo dañino en una superficie o en un objeto inmóvil dentro del alcance. Superficie hasta 3 m / 10 pies de diámetro; objeto no puede moverse más de 3 m / 10 pies. El glifo es casi invisible; se detecta con Inteligencia (Investigación) frente a tu DC. Decides la activación: tocar, pisar, abrir, acercarse, leer o manipular; puedes limitar por tipo, tamaño o contraseña. Al activarse, crea una esfera de 18 m / 60 pies de radio con luz tenue durante 10 minutos; las criaturas en ella o que entren/terminen su turno quedan afectadas. Efectos: 
(revisar tabla en MdJ).","Disipado/Activado
Toque
1 min",332 MdJ*,TRUE,TRUE,TRUE,1000 po*,TRUE,FALSE,FALSE,TRUE,FALSE,FALSE,FALSE,FALSE,FALSE,FALSE,FALSE,Directo,"Bardo, Druida, Clerigo, Mago"
Simulacro,Simulacrum,7,Una copia que actúa por ti,"Simulacro de hielo crea una copia de una bestia o humanoide que permanece a 3 m / 10 pies o menos de ti durante el lanzamiento; al tocarla y una pila de nieve o hielo de su tamaño, esta se transforma en un simulacro. El simulacro tiene el perfil original pero es un autómata con la mitad de puntos de golpe, no puede lanzar este conjuro, subir de nivel ni hacer descansos. Es amistoso contigo y con criaturas que designes, obedece tus órdenes y actúa en su turno. Si recibe daño, solo puede repararse gastando 100 po por PG recuperado durante un descanso largo mientras esté a 1,5 m / 5 pies de ti. Dura hasta 0 PG, momento en que se derrite. Si lanzas el conjuro de nuevo, el simulacro previo se destruye.
","Hasta que sea disipado
Toque
12 horas",333 MdJ*,TRUE,TRUE,TRUE,1500 po*,TRUE,FALSE,FALSE,FALSE,FALSE,FALSE,FALSE,FALSE,TRUE,FALSE,FALSE,Directo,Mago
Sirviente invisible,Unseen Servant,1,Ayuda que no se ve.,"Creas un sirviente invisible, sin mente ni forma, tamaño Mediano, CA 10, 1 punto de golpe, Fuerza 2, no puede atacar. Surge en un espacio desocupado dentro del alcance. Cada turno, como acción bonus, le ordenas moverse hasta 4,5 m / 15 pies e interactuar con objetos realizando tareas sencillas de humano como buscar, limpiar, remendar, doblar ropa, encender fuego o servir. El conjuro termina si sus puntos de golpe llegan a 0 o si se aleja más de 18 m / 60 pies de ti.
","1 hora
18 m / 60 f / 12 cas
Acción o ritual",333 MdJ*,TRUE,TRUE,TRUE,~,FALSE,TRUE,FALSE,FALSE,TRUE,FALSE,FALSE,FALSE,FALSE,FALSE,FALSE,Directo,"Bardo, Brujo, Mago"
Sordera/ceguera,Blindness/Deafness,2,Sentidos traicionados.,"Una criatura que puedas ver dentro del alcance deberá superar una tirada de salvación de Constitución o tendrá el estado de cegada o ensordecida (a tu elección) hasta que el conjuro termine. Al final de cada uno de sus turnos, el objetivo repite la tirada de salvación y, si tiene éxito, se librará del conjuro.
Con un espacio de conjuro de nivel superior. Puedes hacer objetivo a una criatura adicional por cada nivel por encima de 2 que tenga el espacio.","1 min
36 m / 120 f / 24 cas
Acción",334 MdJ,FALSE,TRUE,FALSE,~,FALSE,FALSE,FALSE,FALSE,FALSE,FALSE,FALSE,FALSE,FALSE,FALSE,TRUE,TdS Con.,"Bardo, Clerigo, Hechicero, Mago"
Sugestión,Suggestion,2,Una idea plantada.,"Sugieres un curso de acción (de no más de 25 palabras) a una criatura que puedas ver dentro del alcance y que te pueda oír y entender. La sugerencia tiene que parecer factible y no ser claramente dañina para el objetivo o sus aliados. Por ejemplo, podrías decir: 'Ve a por la llave de la cámara del tesoro de la secta y tráemela', o quizá 'deja de luchar, vete pacíficamente de la biblioteca y no vuelvas'. 
El objetivo deberá superar una tirada de salvación de Sabiduría o tendrá el estado de hechizado hasta que termine el conjuro o hasta que tus aliados o tú le hagáis daño. El objetivo hechizado llevará a cabo la sugerencia lo mejor que pueda. La actividad sugerida puede seguir hasta que termine el conjuro, pero si se puede completar en menos tiempo, el conjuro terminará sobre el objetivo cuando la complete.","8 horas
9 m / 30 f / 6 cas
Acción",334 MdJ,FALSE,TRUE,TRUE,~,FALSE,FALSE,TRUE,FALSE,FALSE,FALSE,TRUE,FALSE,FALSE,FALSE,FALSE,TdS Sab.,"Bardo, Brujo, Hechicero, Mago"
Sugestión en masa,Mass Suggestion,6,Una idea compartida.,"Sugieres mágicamente una acción breve y razonable a hasta 12 criaturas que puedas ver y que puedan escucharte y entenderte. Criaturas inmunes a hechizos no se ven afectadas. No puede implicar daño evidente. Cada objetivo realiza una tirada de salvación de Sabiduría; si falla, sigue la acción lo mejor que puede mientras dure el conjuro o hasta completarla. Puedes especificar condiciones para tareas especiales durante la duración. Si tú o tus aliados dañan a un objetivo, el conjuro termina para esa criatura. Con espacios de nivel 7, 8 y 9, la duración es de 10 días, 30 días y 1 año y 1 día respectivamente.
","24 horas
18 m / 60 f / 12 cas
Acción",334 MdJ*,FALSE,TRUE,TRUE,~,FALSE,FALSE,FALSE,FALSE,FALSE,FALSE,TRUE,FALSE,FALSE,FALSE,FALSE,TdS Sab.,"Bardo, Hechicero, Mago"
Susurros discordantes,Dissonant Whispers,1,Las voces enloquecen.,"Una criatura de tu elección, que puedas ver dentro del alcance, oye una melodía discordante en su mente. El objetivo realiza una tirada de salvación de Sabiduría. Si falla, recibe 3d6 de daño psíquico y debe usar inmediatamente su reacción, si está disponible, para alejarse de ti lo máximo posible, usando la ruta más segura. Si la supera, el objetivo solo recibe la mitad del daño.
Con un espacio de conjuro de nivel superior. El daño aumenta en 1d6 por cada nivel de espacio de conjuro superior a 1.","Instant.
18 m / 60 f / 12 cas
Acción",334 MdJ,FALSE,TRUE,FALSE,~,FALSE,FALSE,FALSE,FALSE,FALSE,FALSE,TRUE,FALSE,FALSE,FALSE,FALSE,TdS Sab.,Bardo
Tañido por los muertos,Toll the Dead,Truco,La muerte llama.,"Señalas a una criatura que puedas ver dentro del alcance y el sonido de una campana funesta suena a 3 m / 10 pies o menos del objetivo. El objetivo deberá superar una tirada de salvación de Sabiduría o sufrirá 1d8 de daño necrótico. Si el objetivo no tiene todos sus puntos de golpe, el daño necrótico aumenta a 1d12.
Con un espacio de conjuro de nivel superior. El daño aumenta en un dado cuando alcanzas los niveles 5 (2d8 o 2d12), 11 (3d8 o 3d12) y 17 (4d8 o 4d12).
","Instant.
18 m / 60 f / 12 cas
Acción",334 MdJ,TRUE,TRUE,FALSE,~,FALSE,FALSE,FALSE,FALSE,FALSE,FALSE,FALSE,FALSE,FALSE,TRUE,FALSE,TdS Sab.,"Brujo, Clerigo, Mago"
Taumaturgia,Thaumaturgy,Truco,Un truco de fe.,"Manifiestas un pequeño milagro dentro del alcance y eliges uno de estos efectos por 1 minuto; puedes mantener hasta tres efectos activos a la vez. Jugar con fuego: haces que las llamas parpadeen, brillen más, se atenúen o cambien de color. Mano invisible: abres o cierras de golpe una puerta o ventana que no esté cerrada con llave. Ojos alterados: cambias el aspecto de tus ojos. Sonido fantasmal: creas un sonido instantáneo desde un punto dentro del alcance, como un trueno, el graznido de un cuervo o susurros. Temblores: haces que la tierra tiemble sin causar daño. Voz atronadora: tu voz resuena hasta tres veces más alto y tienes ventaja en pruebas de Carisma (Intimidación).
","Hasta 1 min
9 m / 30 f / 6 cas
Acción",335 MdJ*,FALSE,TRUE,FALSE,~,FALSE,FALSE,FALSE,FALSE,FALSE,FALSE,FALSE,FALSE,FALSE,FALSE,TRUE,Directo,Clerigo
Telaraña,Web,2,Todo queda atrapado.,"Conjuras un cubo de telarañas pegajosas de 6 m / 20 pies de lado en un punto dentro del alcance; dura mientras mantengas el conjuro. Las telarañas son terreno difícil y su interior ligeramente oscuro. Si no están ancladas a objetos sólidos o extendidas sobre una superficie, se vendrán abajo al inicio de tu siguiente turno. Sobre superficie plana tienen 1,5 m / 20 pies de profundidad. La primera vez que una criatura entre o termine su turno allí, debe hacer salvación de Destreza o queda apresada hasta liberarse. Puede usar una acción para hacer prueba de Fuerza (Atletismo) contra tu CD de conjuro para escapar. Las telarañas son inflamables: 1,5 m / 5 pies expuestos al fuego se queman en 1 asalto e infligen 2d4 de daño de fuego a cualquiera que comience su turno en el incendio.
","1 hora
18 m / 60 f / 12 cas
Acción",335 MdJ*,TRUE,TRUE,TRUE,~,FALSE,FALSE,TRUE,FALSE,TRUE,FALSE,FALSE,FALSE,FALSE,FALSE,FALSE,Directo,"Hechicero, Mago"
Telepatía,Telepathy,8,Las mentes se encuentran sin palabras.,"Creas un enlace telepático entre tú y una criatura voluntaria que conozcas. El objetivo puede estar en cualquier lugar del mismo plano de existencia que tú, pero el conjuro terminará si dejáis de estar en el mismo plano.
Hasta que el conjuro termine, el objetivo y tú podéis compartir de forma instantánea palabras, imágenes, sonidos y otros mensajes sensoriales mediante el enlace, y el objetivo te reconoce como la criatura con la que se está comunicando. El conjuro permite que una criatura comprenda el significado de tus palabras y cualquier mensaje sensorial que le envíes.
","24 horas
Ilimitado
Acción",335 MdJ,TRUE,TRUE,TRUE,~,FALSE,FALSE,FALSE,FALSE,FALSE,TRUE,FALSE,FALSE,FALSE,FALSE,FALSE,Directo,Mago
Telequinesis,Telekinesis,5,Mover con la mente.,"Obtienes la capacidad de mover o manipular criaturas u objetos con la mente mientras dure el conjuro. Cada vez que lanzas el conjuro y como acción de magia en tus turnos siguientes, puedes controlar una criatura o un objeto que veas dentro del alcance; si cambias de objetivo, el anterior deja de estar afectado. Con criaturas Enormes o menores, intentas moverlas; deben superar salvación de Fuerza o las desplazas hasta 9 m / 30 pies en cualquier dirección dentro del alcance y quedan apresadas hasta el final de tu siguiente turno; si las elevas, permanecerán suspendidas y caerán al final de tu siguiente turno salvo que repitas la acción y fallen la salvación. Con objetos Enormes o menores, si no los lleva nadie, los mueves automáticamente hasta 9 m / 30 pies; si los lleva o viste alguien, deben superar salvación de Fuerza o los mueves hasta 9 m / 30 pies. Puedes manipular objetos con precisión, abrir puertas o contenedores, sacar o guardar objetos o verter contenido de viales.
","10 min
18 m / 60 f / 12 cas
Acción",335 MdJ*,TRUE,TRUE,FALSE,~,FALSE,FALSE,TRUE,FALSE,FALSE,FALSE,FALSE,FALSE,FALSE,FALSE,TRUE,Directo,"Hechicero, Mago"
Teletransporte,Teleport,7,Viajar sin límites.,"Este conjuro te transporta instantáneamente a ti y a hasta ocho criaturas voluntarias de tu elección que puedas ver dentro de su alcance, o a un solo objeto que puedas ver dentro del alcance, a un destino que selecciones. Si eliges un objeto como objetivo, debe caber completamente dentro de un cubo de 3 metros, y no puede ser sostenido ni transportado por una criatura involuntaria.
Debes conocer el destino que elijas y debe estar en el mismo plano de existencia que tú. Tu familiaridad con el destino determina si llegas allí con éxito. El DM tira 1d100 y consulta la tabla de accidentes.","Instant.
3 m / 10 f / 2 cas
Acción",337 MdJ*,FALSE,TRUE,FALSE,~,FALSE,FALSE,FALSE,FALSE,TRUE,FALSE,FALSE,FALSE,FALSE,FALSE,FALSE,Directo,"Bardo, Hechicero, Mago"
Tentáculos negros de Evard,Evard's Black Tentacles,4,Sombras que se extienden y atrapan.,"Unos tentáculos color ébano que se retuercen llenan un cuadrado en el suelo de 6 m / 20 pies de lado que puedas ver dentro del alcance. Hasta que termine el conjuro, estos tentáculos convertirán la zona en terreno difícil.
Todas las criaturas situadas en esa zona hacen una tirada de salvación de Fuerza. Si la fallan, sufrirán 3d6 de daño contundente y tendrán el estado de apresadas hasta que el conjuro termine. Una criatura también deberá hacer la tirada si entra en la zona o termina su turno en ella. Cada criatura solo hace esta tirada una vez por turno.
Una criatura apresada puede emplear una acción para hacer una prueba de Fuerza (Atletismo) contra tu CD de salvación de conjuros y, si la supera, pondrá fin a su estado.
","1 min
27 m / 90 f / 18 cas
Acción",337 MdJ,TRUE,TRUE,TRUE,~,FALSE,FALSE,TRUE,FALSE,TRUE,FALSE,FALSE,FALSE,FALSE,FALSE,FALSE,Directo,Mago
Terremoto,Earthquake,8,La tierra se quiebra.,"Elige un punto en el suelo que veas dentro del alcance. Durante la duración, un temblor arrasa el suelo en un círculo de 30 m / 100 pies de radio, convirtiendo la zona en terreno  difícil. Al lanzar el hechizo y al final de cada uno de tus turnos, cada criatura en el suelo del área hace un salvamento de Destreza; si falla, quedan derribadas y rompen concentración. Puedes causar 2 efectos:
Grietas. Se abren 1d6 fisuras por turno, de 3 m / 10 pies de ancho y 1d10 x 3 m / 10 pies de profundidad, de un borde al otro; las criaturas en su espacio deben salvar Destreza o caen.
Temblor. Inflige 50 de daño contundente a estructuras en contacto con el suelo; si una estructura llega a 0 puntos de golpe, colapsa. Las criaturas a la mitad de la altura de la estructura colapsada deben salvar Destreza; si fallan, reciben 12d6 daño contundente, quedan derribadas y enterradas, necesitando una prueba de Fuerza DC 20 (Atletismo) para escapar; si tienen éxito, reciben la mitad del daño.
","1 min
150 m / 500 f / 100 cas
Acción",337 MdJ*,TRUE,TRUE,TRUE,~,FALSE,FALSE,TRUE,FALSE,FALSE,FALSE,FALSE,FALSE,FALSE,FALSE,TRUE,Directo,"Druida, Clerigo, Hechicero"
Terreno alucinatorio,Hallucinatory Terrain,4,El terreno miente.,"Transformas un área de terreno natural de un cubo de 45 m / 150 pies de lado dentro del alcance para que se vea, suene y huela como otro tipo de terreno. Las estructuras, equipo y criaturas no se afectan. Las propiedades físicas no cambian; las criaturas que entren pueden notar la ilusión. Si examinan el área, pueden usar la acción de Estudio y una tirada de Inteligencia (Investigación) contra tu CD de salvación de conjuros para descubrirla. Una criatura que detecta la ilusión ve una imagen difusa sobre el terreno real.","24 horas
90 m / 300 f / 60 cas
10 min",337 MdJ*,TRUE,TRUE,TRUE,~,FALSE,FALSE,FALSE,FALSE,FALSE,FALSE,FALSE,FALSE,TRUE,FALSE,FALSE,Directo,"Bardo, Druida, Brujo, Mago"
Terror,Fear,3,El miedo gobierna.,"Todas las criaturas situadas en un cono de 9 m / 30 pies deberán superar una tirada de salvación de Sabiduría o soltarán cualquier cosa que tengan agarrada y tendrán el estado de asustadas hasta que termine el conjuro. Una criatura asustada realizará la acción de correr en todos sus turnos para alejarse de ti por la ruta más segura, a menos que no haya por dónde huir. Si la criatura acaba su turno en un espacio desde el que no tenga línea de visión directa de ti, hará una tirada de salvación de Sabiduría. Si la supera, el conjuro terminará para ella.","1 min
Lanzador
Acción",338 MdJ,TRUE,TRUE,TRUE,~,FALSE,FALSE,TRUE,FALSE,FALSE,FALSE,FALSE,FALSE,TRUE,FALSE,FALSE,TdS Sab.,"Bardo, Brujo, Hechicero, Mago"
Terror abyecto,Weird,9,El horror absoluto.,"Intentas crear horrores ilusorios en las mentes de otros. Todas las criaturas de tu elección situadas en una esfera de 9 m / 30 pies de radio centrada en un punto dentro del alcance realizan una tirada de salvación de Sabiduría. Si la fallan, los objetivos sufrirán 10d10 de daño psíquico y tendrán el estado de asustados hasta que el conjuro termine. Si la superan, solamente recibirán la mitad de ese daño.
Un objetivo asustado hará una tirada de salvación de Sabiduría al final de cada uno de sus turnos. Si la falla, sufrirá 5d10 de daño psíquico. Si la supera, el conjuro terminará para ese objetivo.
","1 min
36 m / 120 f / 24 cas
Acción",338 MdJ,TRUE,TRUE,FALSE,~,FALSE,FALSE,TRUE,FALSE,FALSE,FALSE,FALSE,FALSE,TRUE,FALSE,FALSE,TdS Sab.,"Brujo, Mago"
Texto ilusorio,Ilussory Script,1,Palabras que engañan.,"Imbuyes un texto en pergamino, papel u otro material con una ilusión que dura la duración del conjuro. Para ti y las criaturas que elijas, el texto parece normal y transmite el significado correcto; para los demás, parece escrito en letra desconocida o mágica y es ininteligible. La ilusión puede alterar caligrafía, significado e idioma, siempre que lo conozcas. Si el conjuro termina, la escritura original e ilusoria desaparecen. Una criatura con Visión verdadera puede leer el mensaje oculto.
","10 dias
Toque
1 min o un ritual",338 MdJ*,TRUE,FALSE,TRUE,10 po*,TRUE,TRUE,FALSE,FALSE,FALSE,FALSE,FALSE,FALSE,TRUE,FALSE,FALSE,Directo,"Bardo, Brujo, Mago"
Toque helado,Chill Touch,Truco,El frío de la tumba.,"Canalizas un frío sepulcral y haces un ataque de conjuro cuerpo a cuerpo contra un objetivo dentro del alcance. Si acierta, el objetivo recibirá 1d10 de daño necrótico y no podrá recuperar puntos de golpe hasta el final de tu siguiente turno.
Mejora de truco. El daño aumenta en 1d10 cuando alcanzas los niveles 5 (2d10), 11 (3d10) y 17 (4d10).
","Instant.
Toque
Acción",338 MdJ,TRUE,TRUE,FALSE,10 po*,TRUE,FALSE,FALSE,FALSE,FALSE,FALSE,FALSE,FALSE,FALSE,TRUE,FALSE,D20+ata.CaC,"Brujo, Hechicero, Mago"
Toque vampírico,Vampiric Touch,3,Robar vida con un toque.,"El toque de tu mano envuelta en sombras puede absorber la fuerza vital de otros para curar tus heridas. Haz un ataque de conjuro cuerpo a cuerpo contra una criatura dentro del alcance. Si acierta, el objetivo sufrirá 3d6 de daño necrótico y tú recuperarás una cantidad de puntos de golpe igual a la mitad del daño necrótico infligido.
Hasta que el conjuro termine, podrás realizar el ataque otra vez como acción de magia en cada uno de tus turnos y hacer objetivo a la misma criatura o a otra distinta.
Con un espacio de conjuro de nivel superior. El daño aumenta en 1d6 por cada nivel por encima de 3 que tenga el espacio.
","1 min
Lanzador
Acción",338 MdJ,TRUE,TRUE,FALSE,~,FALSE,FALSE,TRUE,FALSE,FALSE,FALSE,FALSE,FALSE,FALSE,TRUE,FALSE,D20+ata.CaC,"Brujo, Hechicero, Mago"
Tormenta de aguanieve,Sleet Storm,3,Hielo y viento castigan.,"Hasta que el conjuro termine, caerá aguanieve en un cilindro de 12 m / 40 pies de alto y 6 m / 20 pies de radio centrado en un punto que elijas dentro del alcance. La zona está muy oscura y las llamas desprotegidas que haya en ella se apagan.
El suelo abarcado en el cilindro es terreno difícil. Cuando una criatura entre en el cilindro por primera vez en un turno o comience su turno en él, deberá superar una tirada de salvación de Destreza o tendrá el estado de derribada y perderá la concentración.
","1 min
45 m / 150 f / 30 cas
Acción",339 MdJ,TRUE,TRUE,TRUE,~,FALSE,FALSE,TRUE,FALSE,TRUE,FALSE,FALSE,FALSE,FALSE,FALSE,FALSE,Directo,"Druida, Hechicero, Mago"
Tormenta de espinas,Hail of Thorns,1,Lluvia de espinas.,"Al golpear a la criatura, el conjuro crea una lluvia de espinas que saldrá disparada de tu arma a distancia o munición. El objetivo del ataque y todas las criaturas a 1,5 m / 5 pies o menos de él hacen una tirada de salvación de Destreza; sufrirán 1d10 de daño perforante si la fallan o la mitad del daño si la superan.
Con un espacio de conjuro de nivel superior. El daño aumenta en 1d10 por cada nivel por encima de 1 que tenga el espacio.
","Instant.
Lanzador
Acción adicional, inmediata tras acertar ataque",339 MdJ,FALSE,TRUE,FALSE,~,FALSE,FALSE,FALSE,FALSE,TRUE,FALSE,FALSE,FALSE,FALSE,FALSE,FALSE,TdS Des.,Explorador
Tormenta de fuego,Fire Storm,7,Fuego que cae del cielo.,"Una tormenta de llamas aparece dentro del alcance. El área de la tormenta consta de hasta diez cubos de 3 m / 10 pies de lado que puedes disponer según desees, cada uno de los cuales debe estar adyacente al menos a otro. Todas las criaturas situadas en la zona de 4,5 m / 15 pies deberán realizar una tirada de salvación de Destreza; sufrirán 7d10 de daño de fuego si la fallan o la mitad del daño si la superan.
Los objetos inflamables dentro del área que no lleve o viste nadie empezarán a arder.
","Instant.
45 m / 150 f / 30 cas
Acción",339 MdJ,TRUE,TRUE,FALSE,~,FALSE,FALSE,FALSE,FALSE,FALSE,FALSE,FALSE,TRUE,FALSE,FALSE,FALSE,TdS Des.,"Druida, Clerigo, Hechicero"
Tormenta de hielo,Ice Storm,4,El hielo arrasa.,"Una granizada cae en un cilindro de 6 m / 20 pies de radio y 12 m / 40 pies de altura centrado en un punto dentro del alcance. Todas las criaturas situadas en el cilindro hacen una tirada de salvación de Destreza; sufrirán 2d10 de daño contundente y 4d6 de daño de frío si la fallan o la mitad del daño si la superan.
Las bolas de granizo convierten el suelo del cilindro en terreno difícil hasta el final de tu siguiente turno.
Con un espacio de conjuro de nivel superior. El daño contundente aumenta en 1d10 por cada nivel por encima de 4 que tenga el espacio.
","Instant.
90 m / 300 f / 60 cas
Acción",339 MdJ,TRUE,TRUE,TRUE,~,FALSE,FALSE,FALSE,FALSE,FALSE,FALSE,FALSE,TRUE,FALSE,FALSE,FALSE,Directo,"Druida, Hechicero, Mago"
Tormenta de la venganza,Storm of Vengeance,9,La naturaleza desata su ira.,"Creas una nube de tormenta centrada en un punto dentro del alcance, con radio de 90 m / 300 pies. Al aparecer, cada criatura bajo la nube hace un salvamento de Constitución; si falla, recibe 2d6 daño de Trueno y queda ensordecido hasta el final del conjuro. Al inicio de cada uno de tus turnos siguientes, la tormenta produce efectos diferentes, como se detalla a continuación:
Turno
2
3

4
5-10

Descripción
Lluvia ácida, cada criatura recibe 4d6 daño ácido.
Seis rayos golpean hasta seis criaturas diferentes, TdS de Destreza, si fallan 10d6 daño de rayo, si no la mitad.
Granizo, cada criatura recibe 2d6 daño contundente.
Ráfagas y lluvia helada, cada criatura recibe 1d6 daño de frío, el área se vuelve terreno difícil y ataques con armas a distancia son imposibles, el fuerte viento sopla por el área.
","1 min
1'5 km / 0.9 mi / 5000 cas
Acción",339 MdJ*,TRUE,TRUE,FALSE,~,FALSE,FALSE,TRUE,FALSE,TRUE,FALSE,FALSE,FALSE,FALSE,FALSE,FALSE,Directo,Druida
Tormenta de meteoritos,Meteor Swwarm,9,El cielo se rompe.,"Unos orbes de fuego abrasador caen en picado en cuatro puntos del suelo distintos que puedas ver dentro del alcance. Todas las criaturas situadas en una esfera de 12 m / 40 pies de radio centrada en cada uno de esos puntos hacen una tirada de salvación de Destreza. Sufrirán 20d6 de daño de fuego y 20d6 de daño contundente si la fallan o la mitad del daño si la superan. Las criaturas que estén situadas en el área de efecto de más de una de las esferas ardientes solo se verán afectadas por una.
Los objetos no mágicos que se encuentren dentro del área del conjuro también recibirán el daño, salvo si los lleva o viste una criatura, y empezarán a arder si son inflamables.
","Instant.
1'5 km / 0,9 mi / 5000 cas
Acción",340 MdJ,TRUE,TRUE,FALSE,~,FALSE,FALSE,FALSE,FALSE,FALSE,FALSE,FALSE,TRUE,FALSE,FALSE,FALSE,TdS Des.,"Hechicero, Mago"
Tormenta resplandeciente de Jallarzi,Jallarzi's Storm of Radiance,5,Luz que arrasa.,"Desatas una tormenta de luz intermitente y truenos intensos en un cilindro de 3 m / 10 pies de radio y 12 m / 40 pies de alto centrado en un punto que puedas ver dentro del alcance. Mientras estén en esta zona, las criaturas tendrán los estados de cegadas y ensordecidas y no podrán lanzar conjuros que tengan un componente verbal.
Cuando aparezca la tormenta, todas las criaturas dentro de ella harán una tirada de salvación de Constitución; sufrirán 2d10 de daño radiante y 2d10 de daño de trueno si la fallan o la mitad del daño si la superan. Una criatura también hará esta tirada cuando entre en el área del conjuro por primera vez en un turno o termine su turno allí. Una criatura solo hace esta tirada una vez por turno.
Con un espacio de conjuro de nivel superior. El daño radiante y de trueno aumenta en 1d10 por cada nivel por encima de 5 que tenga el espacio.
","1 min
36 m / 120 f / 24 cas
Acción",340 MdJ,TRUE,TRUE,TRUE,~,FALSE,FALSE,TRUE,FALSE,FALSE,FALSE,FALSE,TRUE,FALSE,FALSE,FALSE,Directo,"Brujo, Mago"
Trepar cual arácnido,Spider Climb,2,Moverse como una araña.,"Hasta que el conjuro termine, una criatura voluntaria a la que toques gana la capacidad de moverse hacia arriba, hacia abajo y de lado por superficies verticales, así como por techos. Esta manera de moverse no requiere del uso de las manos, que quedan libres. Además, el objetivo obtiene una velocidad trepando igual a su velocidad.
Con un espacio de conjuro de nivel superior. Puedes hacer objetivo a una criatura adicional por cada nivel por encima de 2 que tenga el espacio.
","1 hora
Toque
Acción",341 MdJ,TRUE,TRUE,TRUE,~,FALSE,FALSE,TRUE,FALSE,FALSE,FALSE,FALSE,FALSE,FALSE,FALSE,TRUE,Directo,"Brujo, Hechicero, Mago"
Tronar,Thunderclap,Truco,El trueno responde.,"Todas las criaturas situadas en una emanación de 1,5 m / 5 pies que se origina en ti deberán superar una tirada de salvación de Constitución o sufrirán 1d6 de daño de trueno. El sonido atronador del conjuro se puede oír a una distancia de hasta 30 m / 100 pies.
Mejora de truco. El daño aumenta en 1d6 cuando alcanzas los niveles 5 (2d6), 11 (3d6) y 17 (4d6).","Instant.
Lanzador
Acción",341 MdJ,TRUE,FALSE,FALSE,~,FALSE,FALSE,FALSE,FALSE,FALSE,FALSE,FALSE,TRUE,FALSE,FALSE,FALSE,TdS Con.,"Bardo, Druida, Brujo, Hechicero, Mago"
Truco de la cuerda,Rope Trick,2,Habitación extradimensional.,"Tocas una cuerda, lo que hace que uno de sus extremos flote hacia arriba hasta que la cuerda se ponga perpendicular al suelo o toque un techo. En el extremo superior de la cuerda se abre un portal invisible de 0,9 m por 1,5 m, el cual conduce a un espacio extradimensional que dura hasta que el conjuro termine. Este espacio puede alcanzarse trepando por la cuerda, que puede recogerse o soltarse desde el interior. En el espacio caben hasta ocho criaturas Medianas o más pequeñas. Los ataques, conjuros y otros efectos no pueden cruzar el espacio en ningún sentido, pero las criaturas que están dentro pueden ver a través del portal. Todo lo que esté dentro del espacio caerá fuera cuando el conjuro termine.","1 hora
Toque
Acción",341 MdJ,TRUE,TRUE,TRUE,~,FALSE,FALSE,FALSE,FALSE,FALSE,FALSE,FALSE,FALSE,FALSE,FALSE,TRUE,Directo,Mago
Tsunami,Tsunami,8,El mar se levanta.,"Creas una pared de agua en un punto dentro del alcance de hasta 90 m / 300 pies de largo, 90 m / 300 pies de alto y 15 m / 50 pies de grosor, que dura la duración. Al aparecer, cada criatura en su área hace un salvamento de Fuerza; si falla recibe 6d10 daño contundente o la mitad si tiene éxito. Al inicio de cada uno de tus turnos, la pared se mueve 15 m / 50 pies de distancia de ti; cualquier criatura enorme o menor en la pared hace un salvamento de Fuerza o recibe 5d10 daño contundente (una vez por turno). Al final de cada turno, la pared pierde 15 m / 50 pies de altura y su daño se reduce 1d10. La pared termina al llegar a 0 m / 0 pies Una criatura atrapada puede nadar para moverse, pero debe superar una prueba de Fuerza (Atletismo) contra tu CD de conjuro; si falla, no puede moverse y caerá al suelo al salir.
","6 rondas
1’5 km / 0,9 mi / 1000 cas
1 min",341 MdJ*,TRUE,TRUE,FALSE,~,FALSE,FALSE,TRUE,FALSE,TRUE,FALSE,FALSE,FALSE,FALSE,FALSE,FALSE,TdS Fue.,Druida
Urna mágica,Magic Jar,6,Un contenedor que guarda lo imposible.,"Tu cuerpo va al recipiente usado como componente. Mientras estás en el eres consciente y no puedes hacer nada; solo puedes proyectar tu alma hasta 30 m / 100 pies para ir a tu cuerpo o poseer a alguien. Si intentas poseer a alguien esté hace salvación de Carisma y, si falla, tu alma entra en su cuerpo y la suya va a al recipiente; si tiene éxito, resiste y no puedes volver a intentarlo durante 24h. Al poseerlo, controlas sus puntos de golpe, dados de golpe, Fuerza, Destreza, Constitución, velocidad y sentidos; conservando todo lo demás de tu perfil. La criatura percibe todo desde el recipiente pero está incapacitado. Como acción de magia, puedes volver al recipiente si está a 30m / 100 pies, liberando al anfitrión. Si el cuerpo poseído muere, haces salvación de Carisma contra tu CD de conjuro; si fallas, mueres; si superas y el recipiente está al alcance, vuelves a él. Si el recipiente se destruye o el conjuro termina, vuelves a tu  cuerpo siempre que esté a 30 m / 100 pies o mueres.","Hasta que sea disipado
Lanzador
1 min",341 MdJ*,TRUE,TRUE,TRUE,500 po,TRUE,FALSE,FALSE,FALSE,FALSE,FALSE,FALSE,FALSE,FALSE,TRUE,FALSE,Directo,Mago
Ver invisibilidad,See Invisiblity,2,Ver lo oculto.,"Hasta que termine el conjuro, ves a las criaturas y objetos que tengan el estado de invisibles como si fueran visibles y puedes ver en el Plano Etéreo. Las criaturas y objetos que haya en él tendrán un aspecto fantasmal.","1 hora
Lanzador
Acción",342 MdJ,TRUE,TRUE,TRUE,~,FALSE,FALSE,FALSE,FALSE,FALSE,TRUE,FALSE,FALSE,FALSE,FALSE,FALSE,Directo,"Bardo, Hechicero, Mago"
Viajar con el viento,Wind Walk,6,Viajar como el aire.,"Tú y hasta diez criaturas voluntarias dentro del alcance asumís formas gaseosas con apariencia de jirones de nubes hasta que termine el conjuro. En esta forma, cada objetivo tiene velocidad de vuelo 90 m / 300 pies, puede levitar, es inmune al estado de derribado y resistente al daño contundente, cortante y perforante. Solo puede usar la acción de correr o una acción de magia para empezar a volver a su forma normal, lo que tarda 1 minuto y provoca el estado de aturdido. Mientras dure el conjuro, puede transformarse de nuevo en nube con acción de magia y 1 minuto de transformación. Si un objetivo está en nube y volando cuando el conjuro termina, desciende 18 m / 60 pies por asalto durante 1 minuto hasta aterrizar; si no aterriza en ese tiempo, cae la distancia restante.
","8 horas
9 m / 30 f / 6 cas
1 min",342 MdJ*,TRUE,TRUE,TRUE,~,FALSE,FALSE,FALSE,FALSE,FALSE,FALSE,FALSE,FALSE,FALSE,FALSE,TRUE,Directo,Druida
Viajar mediante plantas,Transport via Plants,6,Cruzar el mundo verde.,"Este conjuro crea un vínculo mágico entre una planta inanimada de tamaño Grande o mayor dentro del alcance y otra planta a cualquier distancia en el mismo plano de existencia. Tienes que haber visto o tocado la planta de destino al menos una vez antes. Hasta que termine el conjuro, cualquier criatura puede entrar en la planta objetivo y salir por la de destino gastando 1,5 m / 5 pies de movimiento.
","1 min
3 m / 10 f / 2 cas
Acción",342 MdJ,TRUE,TRUE,FALSE,~,FALSE,FALSE,FALSE,FALSE,TRUE,FALSE,FALSE,FALSE,FALSE,FALSE,FALSE,Directo,Druida
Vigor arcano,Arcane Vigor,2,Reserva de poder.,"Recurres a tu fuerza vital para curarte. Tira uno o dos de tus dados de puntos de golpe no gastados para recuperar una cantidad de puntos de golpe igual al resultado total de la tirada más tu modificador por aptitud mágica. Después, los dados se consideran gastados.
Con un espacio de conjuro de nivel superior. La cantidad de dados de golpe no gastados que puedes tirar aumenta en uno por cada nivel por encima de 2 que tenga el espacio.
","Instant.
Lanzador
Acción adicional",342 MdJ,TRUE,TRUE,FALSE,~,FALSE,FALSE,FALSE,TRUE,FALSE,FALSE,FALSE,FALSE,FALSE,FALSE,FALSE,Directo,"Hechicero, Mago"
Vínculo protector,Warding Bond,2,Compartir el daño.,"Tocas a otra criatura voluntaria y creas una conexión mística entre ella y tú hasta que el conjuro termine. Mientras el objetivo esté a 18 m / 60 pies o menos de ti, obtiene un bonificador de +1 a la CA y a las tiradas de salvación, así como resistencia a todo el daño. Sin embargo, cada vez que reciba daño, tú sufrirás la misma cantidad de daño.
El conjuro termina si tus puntos de golpe se reducen a 0 o si el objetivo y tú os separáis más de 18 m / 60 pies. También termina si se lanza otra vez sobre cualquiera de las dos criaturas conectadas.
","1 hora
Toque
Acción",343 MdJ,TRUE,TRUE,TRUE,100 po,TRUE,FALSE,FALSE,TRUE,FALSE,FALSE,FALSE,FALSE,FALSE,FALSE,FALSE,Directo,"Clerigo, Paladín"
Visión en la oscuridad,Darkvision,2,Visión en la oscuridad.,"Hasta que el conjuro termine, una criatura voluntaria a la que toques tendrá visión en la oscuridad hasta 45 m / 150 pies.","8 horas
Toque
Acción",343 MdJ,TRUE,TRUE,TRUE,~,FALSE,FALSE,FALSE,FALSE,FALSE,FALSE,FALSE,FALSE,FALSE,FALSE,TRUE,Directo,"Druida, Explorador, Hechicero, Mago"
Visión veraz,True Seeing,6,La verdad se revela.,"Hasta que el conjuro termine, la criatura voluntaria ala que toques tendrá visión verdadera hasta 36 m / 120 pies.","1 hora
Toque
Acción",343 MdJ,TRUE,TRUE,TRUE,25 po*,TRUE,FALSE,FALSE,FALSE,FALSE,TRUE,FALSE,FALSE,FALSE,FALSE,FALSE,Directo,"Bardo, Clerigo, Brujo, Hechicero, Mago"
Volar,Fly,3,Romper las ataduras del aire.,"Tocas a una criatura voluntaria. Hasta que el conjuro termine, el objetivo consigue una velocidad volando de 18 m / 60 pies y puede levitar. Cuando el conjuro termine, el objetivo caerá si aún está en el aire, excepto si puede detener la caída.
Con un espacio de conjuro de nivel superior. Puedes hacer objetivo a una criatura adicional por cada nivel por encima de 3 que tenga el espacio.
","10 min
Toque
Acción",343 MdJ,TRUE,TRUE,TRUE,~,FALSE,FALSE,TRUE,FALSE,FALSE,FALSE,FALSE,FALSE,FALSE,FALSE,TRUE,Directo,"Brujo, Hechicero, Mago"
Voluta estelar,Starry Wisp,Truco,Energía nacida de las estrellas.,"Lanzas una mota de luz contra una criatura u objeto dentro del alcance. Haz un ataque de conjuro a distancia contra el objetivo. Si acierta, el objetivo recibirá 1d8 de daño radiante y, hasta el final de tu siguiente turno, emitirá luz tenue en un radio de 3 m / 10 pies y no podrá beneficiarse del estado de invisible.
Mejora de truco. El daño aumenta en 1d8 cuando alcanzas los niveles 5 (2d8), 11 (3d8) y 17 (4d8).","Instant.
18 m / 60 f / 12 cas
Acción",343 MdJ,TRUE,TRUE,FALSE,~,FALSE,FALSE,FALSE,FALSE,FALSE,FALSE,FALSE,TRUE,FALSE,FALSE,FALSE,D20+ata.conj.,"Bardo, Druida"
Zancada prodigiosa,Longstrider,1,Pasos imposibles.,"Tocas a una criatura y su velocidad aumenta en 3 m / 10 pies hasta que el conjuro termine. 
Con un espacio de conjuro de nivel superior. Puedes hacer objetivo a una criatura adicional por cada nivel por encima de 1 que tenga el espacio.","1 hora
Toque
Acción",343 MdJ,TRUE,TRUE,TRUE,~,FALSE,FALSE,FALSE,FALSE,FALSE,FALSE,FALSE,FALSE,FALSE,FALSE,TRUE,Directo,"Bardo, Druida, Explorador, Mago"
Zona de la verdad,Zone of Truth,2,La mentira no entra aquí.,"Creas una zona mágica que protege contra el engaño en una esfera de 4,5 m / 15 pies de radio centrada en un punto dentro del alcance. Hasta que el conjuro termine, una criatura que entre en la zona del conjuro por primera vez en un turno o comience su turno allí realizará una tirada de salvación de Carisma. Si la falla, no podrá decir una mentira voluntariamente mientras esté en el radio del conjuro. Sabrás si una criatura supera o falla esta tirada. Una criatura afectada es consciente del conjuro y puede evitar responder a preguntas a las que normalmente respondería con una mentira. Dicha criatura puede dar respuestas evasivas, pero deberá ser sincera.","10 min
18 m / 60 f / 12 cas
Acción",343 MdJ,TRUE,TRUE,FALSE,~,FALSE,FALSE,FALSE,FALSE,FALSE,FALSE,TRUE,FALSE,FALSE,FALSE,FALSE,Directo,"Bardo, Clerigo, Paladín"